Count,Tradelist Count,Name,Edition,Card Number,Condition,Language,Foil,Signed,Artist Proof,Altered Art,Misprint,Promo,Textless,My Price
4,0,Abrupt Decay,Return to Ravnica,141,Near Mint,English,,,,,,,,
1,0,Absorb Vis,Modern Masters,71,Near Mint,English,foil,,,,,,,
1,0,Abzan Ascendancy,Khans of Tarkir,160,Near Mint,English,,,,,,,,
1,0,Ad Nauseam,Shards of Alara,63,Near Mint,English,,,,,,,,
2,0,Admonition Angel,Worldwake,1,Near Mint,English,,,,,,,,
1,0,Aegis of the Gods,Journey into Nyx,1,Near Mint,English,,,,,,,,
1,0,Aeon Chronicler,Planar Chaos,32,Good (Lightly Played),English,,,,,,,,
1,0,Aether Vial,Modern Masters,197,Near Mint,English,,,,,,,,
1,0,Affa Guard Hound,Rise of the Eldrazi,14,Near Mint,English,foil,,,,,,,
2,0,Ageless Entity,Duel Decks: Ajani vs. Nicol Bolas,18,Near Mint,English,,,,,,,,
1,0,Ajani Goldmane,Lorwyn,1,Good (Lightly Played),English,,,,,,,,
2,0,Ajani Vengeant,Duel Decks: Ajani vs. Nicol Bolas,1,Near Mint,English,,,,,,,,
2,0,Ajani Vengeant,Shards of Alara,154,Near Mint,English,,,,,,promo,,
3,0,"Ajani, Caller of the Pride",Magic 2014 Core Set,1,Near Mint,English,,,,,,,,
1,1,Akroma's Memorial,Future Sight,159,Near Mint,Chinese,,,,,,,,0
1,0,Alms Beast,Gatecrash,141,Near Mint,English,,,,,,,,
2,0,Alpha Brawl,Dark Ascension,82,Near Mint,English,,,,,,,,
1,0,Amrou Scout,Modern Masters,2,Near Mint,English,foil,,,,,,,
5,0,Amulet of Vigor,Worldwake,121,Near Mint,English,,,,,,,,
1,0,Ancestor's Prophet,Onslaught,3,Near Mint,English,,,,,,,,
1,0,Ancient Craving,Duel Decks: Sorin vs. Tibalt,28,Near Mint,English,,,,,,,,
1,0,Ancient Den,Planechase,130,Near Mint,English,,,,,,,,
3,0,Ancient Den,Mirrodin,278,Near Mint,English,,,,,,,,
4,0,Ancient Tomb,Tempest,305,Good (Lightly Played),English,,,,,,,,
2,0,Angelic Destiny,Magic 2012,3,Near Mint,English,,,,,,,,
1,0,Angelic Overseer,Innistrad,3,Near Mint,English,,,,,,,,
1,0,Animate Dead,Premium Deck Series: Graveborn,16,Near Mint,English,foil,,,,,,,
1,0,Anticipate,Dragons of Tarkir,45,Near Mint,English,,,,,,,,
1,0,Arbiter of Knollridge,Lorwyn,2,Near Mint,English,,,,,,,,
3,0,Arcane Sanctum,Shards of Alara,220,Near Mint,English,,,,,,,,
2,0,Arcanis the Omnipotent,Tenth Edition,66,Near Mint,English,,,,,,,,
1,0,Archangel's Light,Dark Ascension,1,Near Mint,English,,,,,,,,
3,0,Archive Trap,Zendikar,41,Near Mint,English,,,,,,,,
1,0,Archmage Ascension,Zendikar,42,Near Mint,English,,,,,,,,
1,1,Archon of Justice,Magic 2012,6,Near Mint,Chinese,,,,,,,,
1,0,Archon of Justice,Magic 2012,6,Near Mint,English,,,,,,,,
4,0,Archon of Redemption,Worldwake,3,Near Mint,English,,,,,,,,
1,0,Archon of the Triumvirate,Prerelease Events,55,Near Mint,English,foil,,,,,,,
1,0,Archweaver,Return to Ravnica,114,Near Mint,English,foil,,,,,,,
2,0,Archwing Dragon,Avacyn Restored,126,Near Mint,English,,,,,,,,
1,0,Arcum Dagsson,Coldsnap,27,Near Mint,English,,,,,,,,
1,0,Arid Mesa,Zendikar,211,Near Mint,English,,,,,,,,
1,0,Armored Cancrix,Magic 2011,44,Near Mint,English,foil,,,,,,,
1,0,Armored Skaab,Innistrad,43,Near Mint,English,foil,,,,,,,
4,0,Asceticism,Scars of Mirrodin,110,Near Mint,English,,,,,,,,
1,0,Ashenmoor Gouger,Shadowmoor,180,Near Mint,English,,,,,,,,
1,0,Ashenmoor Gouger,Shadowmoor,180,Near Mint,Japanese,,,,,,,,
1,0,Augur of Bolas,Magic 2013,43,Near Mint,English,,,,,,,,
1,0,Auriok Salvagers,Modern Masters,5,Near Mint,English,,,,,,,,
1,0,Avatar of Slaughter,Commander,111,Near Mint,English,,,,,,,,
1,0,Avatar of Woe,Premium Deck Series: Graveborn,6,Near Mint,English,foil,,,,,,,
2,0,Awakening Zone,Rise of the Eldrazi,176,Near Mint,English,,,,,,,,
2,0,Awakening Zone,Rise of the Eldrazi,176,Near Mint,Chinese,,,,,,,,
1,0,Axebane Guardian,Return to Ravnica,115,Near Mint,English,foil,,,,,,,
1,0,Azor's Elocutors,Return to Ravnica,210,Near Mint,English,,,,,,,,
1,0,Ball Lightning,Magic 2010,125,Near Mint,English,,,,,,,,
2,0,Banishing Stroke,Avacyn Restored,7,Near Mint,English,,,,,,,,
1,0,Barrel Down Sokenzan,Saviors of Kamigawa,94,Near Mint,Chinese,foil,,,,,,,
1,0,"Basandra, Battle Seraph",Conspiracy,184,Near Mint,English,,,,,,,,
1,1,Basilisk Collar,Worldwake,122,Near Mint,Chinese,,,,,,,,0
1,0,Battlefield Thaumaturge,Journey into Nyx,31,Near Mint,English,,,,,,,,
1,0,Beacon of Tomorrows,Fifth Dawn,24,Near Mint,English,,,,,,,,
2,0,Bear Umbra,Rise of the Eldrazi,177,Near Mint,English,,,,,,,,
1,1,Beast Within,New Phyrexia,103,Near Mint,Chinese,,,,,,,,0
2,0,Beast Within,New Phyrexia,103,Near Mint,English,,,,,,,,0
1,0,Beck // Call,Dragon's Maze,123,Near Mint,English,,,,,,,,
1,0,Behemoth Sledge,Duel Decks: Ajani vs. Nicol Bolas,28,Near Mint,English,,,,,,,,
2,0,Beseech the Queen,Shadowmoor,57,Near Mint,Japanese,,,,,,,,
1,0,Birds of Paradise,Fourth Edition,118,Near Mint,English,,,,,,,,
2,0,Birthing Pod,New Phyrexia,104,Near Mint,English,,,,,,,,
2,2,Birthing Pod,New Phyrexia,104,Near Mint,Chinese,,,,,,,,0
1,0,Blade of the Bloodchief,Zendikar,196,Near Mint,English,,,,,,,,
2,2,Blade of the Bloodchief,Zendikar,196,Near Mint,Chinese,,,,,,,,0
2,0,Blasphemous Act,Innistrad,130,Near Mint,English,,,,,,,,
2,0,Blatant Thievery,Onslaught,71,Near Mint,English,,,,,,,,
1,0,Blazing Archon,Premium Deck Series: Graveborn,11,Near Mint,English,foil,,,,,,,
1,0,Blazing Salvo,Duel Decks: Sorin vs. Tibalt,58,Near Mint,English,,,,,,,,
2,0,Blazing Specter,Duel Decks: Ajani vs. Nicol Bolas,52,Near Mint,English,,,,,,,,
1,0,Blightning,Duel Decks: Sorin vs. Tibalt,69,Near Mint,English,,,,,,,,
1,0,Blightsteel Colossus,Mirrodin Besieged,99,Near Mint,English,,,,,,,,
1,0,Blind Obedience,Gatecrash,6,Near Mint,English,,,,,,,,
1,0,Blinkmoth Nexus,Modern Masters,220,Near Mint,English,,,,,,,,
7,0,Blood Crypt,Return to Ravnica,238,Near Mint,English,,,,,,,,
1,0,Blood Moon,Modern Masters,106,Near Mint,English,,,,,,,,
1,0,Bloodbraid Elf,Planechase 2012,84,Near Mint,English,,,,,,,,
1,0,Bloodbraid Elf,Alara Reborn,50,Near Mint,English,,,,,,,,
4,0,Bloodchief Ascension,Zendikar,82,Near Mint,English,,,,,,,,
1,0,Bloodfray Giant,Return to Ravnica,89,Near Mint,English,foil,,,,,,,
1,0,Bloodline Keeper,Innistrad,90,Near Mint,English,,,,,,,,
1,0,Bloodlord of Vaasgoth,Magic 2012,82,Near Mint,English,,,,,,,,
1,0,Bludgeon Brawl,New Phyrexia,80,Near Mint,English,,,,,,,,
1,0,Bonesplitter,Modern Masters,202,Near Mint,English,,,,,,,,
2,0,Bonfire of the Damned,Avacyn Restored,129,Played,English,,,,,,,,
2,0,Boom // Bust,Planar Chaos,112,Near Mint,English,,,,,,,,
1,0,Boomerang,Tenth Edition,70,Near Mint,English,,,,,,,,
3,0,Boros Charm,Gatecrash,148,Near Mint,English,,,,,,,,
2,0,Braid of Fire,Coldsnap,78,Near Mint,English,,,,,,,,
3,0,Brainstorm,Ice Age,61,Near Mint,English,,,,,,,,
1,0,Breaking Point,Duel Decks: Sorin vs. Tibalt,67,Near Mint,English,,,,,,,,
4,0,Breakthrough,"",,,,,,,,,,,
4,0,Breeding Pool,Gatecrash,240,Near Mint,English,,,,,,,,
2,0,Bridge from Below,Modern Masters,74,Near Mint,English,,,,,,,,
1,0,Bridge from Below,Modern Masters,74,Near Mint,English,foil,,,,,,,
4,0,Bridge from Below,"",,,,,,,,,,,
1,0,Bringer of the Red Dawn,Fifth Dawn,62,Near Mint,English,,,,,,,,
1,0,Brink of Disaster,Magic 2012,84,Near Mint,English,foil,,,,,,,
1,0,Brion Stoutarm,Commander,187,Near Mint,English,,,,,,,,
2,0,Brittle Effigy,Magic 2011,202,Near Mint,English,,,,,,,,
1,0,Brood Birthing,Rise of the Eldrazi,138,Near Mint,English,foil,,,,,,,
1,0,Brooding Saurian,Coldsnap,106,Near Mint,English,,,,,,,,
2,0,Browbeat,Duel Decks: Sorin vs. Tibalt,66,Near Mint,English,,,,,,,,
3,0,Buried Alive,Premium Deck Series: Graveborn,20,Near Mint,English,foil,,,,,,,
3,0,Burn at the Stake,Avacyn Restored,130,Near Mint,English,,,,,,,,
2,0,Burning Wish,Judgment,83,Good (Lightly Played),English,,,,,,,,
2,0,Burning Wish,Judgment,83,Near Mint,English,,,,,,,,
1,0,Burning-Tree Emissary,Gatecrash,216,Near Mint,English,,,,,,,,
1,0,Butcher of the Horde,Khans of Tarkir,168,Near Mint,English,,,,,,,,
3,0,Call of the Conclave,Return to Ravnica,146,Near Mint,English,,,,,,,,
1,0,Call the Skybreaker,Eventide,98,Near Mint,English,,,,,,,,
1,0,Callous Oppressor,Onslaught,72,Near Mint,English,,,,,,,,
1,0,Cancel,Return to Ravnica,31,Near Mint,English,foil,,,,,,,
1,0,Canopy Vista,Battle for Zendikar,234,Mint,English,,,,,,,,
1,0,"Cao Cao, Lord of Wei",From the Vault: Legends,1,Near Mint,English,foil,,,,,,,
1,0,Capricious Efreet,Magic 2010,131,Near Mint,English,,,,,,,,
1,0,Capsize,Tempest,55,Near Mint,English,,,,,,,,
1,0,Captain of the Mists,Avacyn Restored,45,Near Mint,English,,,,,,,,
2,0,Carnival Hellsteed,Return to Ravnica,147,Near Mint,English,,,,,,,,
2,0,Carpet of Flowers,Urza's Saga,240,Near Mint,English,,,,,,,,
1,0,Cast Through Time,Rise of the Eldrazi,55,Near Mint,English,,,,,,,,
1,0,Catapult Master,Duel Decks: Elspeth vs. Tezzeret,18,Near Mint,English,,,,,,,,
4,0,Cavern of Souls,Avacyn Restored,226,Near Mint,English,,,,,,,,
1,0,Celestial Archon,Theros,3,Near Mint,English,,,,,,,,
4,4,Cemetery Reaper,Magic 2012,86,Near Mint,Chinese,,,,,,,,
1,0,Cemetery Reaper,Magic 2012,86,Near Mint,English,,,,,,,,
1,0,Cerodon Yearling,Alara Reborn,96,Near Mint,English,foil,,,,,,,
1,0,Chain Reaction,Worldwake,74,Near Mint,English,foil,,,,,,,
3,0,Chain Reaction,Worldwake,74,Near Mint,English,,,,,,,,
1,0,Chalice of the Void,Mirrodin,150,Near Mint,English,,,,,,,,0
4,0,Chancellor of the Annex,New Phyrexia,6,Near Mint,English,,,,,,,,
2,0,Chancellor of the Dross,New Phyrexia,54,Near Mint,English,,,,,,,,
3,0,Chancellor of the Forge,New Phyrexia,81,Near Mint,English,,,,,,,,
4,0,Chancellor of the Tangle,New Phyrexia,106,Near Mint,English,,,,,,,,
2,0,Chandra Ablaze,Zendikar,120,Near Mint,English,,,,,,,,
1,0,Chandra Nalaar,Lorwyn,159,Near Mint,English,,,,,,,,
1,0,"Chandra, the Firebrand",Magic 2012,124,Near Mint,Chinese,,,,,,,,
2,0,"Chandra, the Firebrand",Magic 2012,124,Near Mint,English,,,,,,,,
1,0,"Chandra, the Firebrand",Magic 2013,123,Near Mint,English,,,,,,,,
1,0,Charmbreaker Devils,Innistrad,134,Near Mint,English,,,,,,,,
2,0,Choke,Eighth Edition,237,Near Mint,English,,,,,,,,
1,0,Chord of Calling,Magic 2015 Core Set,172,Near Mint,English,,,,,,,,
2,0,Chromatic Lantern,Return to Ravnica,226,Near Mint,English,,,,,,,,
1,0,Chrome Mox,"",,,,,,,,,,,
2,0,Chrome Mox,Mirrodin,152,Near Mint,English,,,,,,,,
1,0,Chromium,Chronicles,109,Near Mint,English,,,,,,,,
2,0,Cinder Pyromancer,Premium Deck Series: Fire and Lightning,9,Near Mint,English,foil,,,,,,,
1,0,City of Brass,Modern Masters,221,Near Mint,English,,,,,,,,
4,0,City of Brass,"",,,,,,,,,,,
1,0,Civilized Scholar,Innistrad,47,Near Mint,English,foil,,,,,,,
1,0,Claws of Valakut,Worldwake,75,Near Mint,English,foil,,,,,,,
1,0,Clinging Mists,Dark Ascension,109,Near Mint,English,foil,,,,,,,
1,0,Collective Blessing,Return to Ravnica,150,Near Mint,English,,,,,,,,
6,0,Comet Storm,Worldwake,76,Near Mint,English,,,,,,,,
1,0,Command Tower,Commander,269,Near Mint,English,,,,,,,,
1,0,Commandeer,Coldsnap,29,Near Mint,English,,,,,,,,
2,0,Conjured Currency,Return to Ravnica,33,Near Mint,English,,,,,,,,
4,0,Conqueror's Pledge,Zendikar,8,Near Mint,English,,,,,,,,
1,0,Consume Spirit,Magic 2012,88,Near Mint,Chinese,foil,,,,,,,
3,0,Consuming Vapors,Rise of the Eldrazi,101,Near Mint,English,,,,,,,,
2,0,Contested War Zone,Mirrodin Besieged,144,Near Mint,English,,,,,,,,
1,1,Control Magic,Revised Edition,52,Near Mint,English,,,,,,,,0
2,0,Conundrum Sphinx,Magic 2011,51,Near Mint,English,,,,,,,,
1,0,Corpsejack Menace,Return to Ravnica,152,Near Mint,English,,,,,,,,
2,0,Counterbalance,Coldsnap,31,Near Mint,English,,,,,,,,
1,0,Counterbore,Shadowmoor,33,Near Mint,Japanese,,,,,,,,
3,0,Counterflux,Return to Ravnica,153,Near Mint,English,,,,,,,,
3,0,Counterlash,Dark Ascension,33,Near Mint,English,,,,,,,,
5,0,Counterspell,Ice Age,64,Played,English,,,,,,,,
1,0,Countryside Crusher,Modern Masters,108,Near Mint,English,,,,,,,,
1,0,Cover of Winter,Coldsnap,3,Near Mint,English,,,,,,,,
1,0,Cragganwick Cremator,Shadowmoor,87,Near Mint,English,,,,,,,,
1,0,Cranial Plating,Fifth Dawn,113,Near Mint,English,,,,,,,,
3,0,Creeping Renaissance,Innistrad,174,Near Mint,English,,,,,,,,
1,0,Crib Swap,Lorwyn,11,Near Mint,English,,,,,,,,
1,0,"Crosis, the Purger",Premium Deck Series: Graveborn,5,Near Mint,English,foil,,,,,,,
1,0,Crucible of Worlds,Fifth Dawn,114,Near Mint,English,,,,,,,,
2,0,Cruel Ultimatum,Duel Decks: Ajani vs. Nicol Bolas,69,Near Mint,English,,,,,,,,
1,0,Crusade,Duel Decks: Elspeth vs. Tezzeret,27,Near Mint,English,,,,,,,,
1,0,Crush of Wurms,Judgment,110,Near Mint,English,,,,,,,,
1,0,Crusher Zendikon,Worldwake,78,Near Mint,English,foil,,,,,,,
1,0,Cryptborn Horror,Return to Ravnica,212,Near Mint,English,,,,,,,,
1,0,Cryptic Command,Modern Masters,38,Near Mint,English,,,,,,,,
1,0,Cryptoplasm,Mirrodin Besieged,23,Near Mint,English,,,,,,,,
1,0,Crystal Ball,Magic 2011,203,Near Mint,English,,,,,,,,
1,0,Crystal Vein,Premium Deck Series: Graveborn,24,Near Mint,English,foil,,,,,,,
2,0,Cunning Lethemancer,Shards of Alara,69,Near Mint,English,,,,,,,,
1,0,Cunning Sparkmage,Worldwake,79,Near Mint,English,,,,,,,,
1,0,Curse of Echoes,Dark Ascension,34,Near Mint,English,,,,,,,,
1,0,Curse of Misfortunes,Dark Ascension,56,Near Mint,English,foil,,,,,,,
1,0,Curse of Misfortunes,Dark Ascension,56,Near Mint,English,,,,,,,,
2,0,Curse of Stalked Prey,Innistrad,136,Near Mint,English,,,,,,,,
1,0,Dack's Duplicate,Conspiracy,43,Near Mint,English,,,,,,,,
1,0,Daggerdrome Imp,Return to Ravnica,60,Near Mint,English,foil,,,,,,,
1,0,Dakmor Salvage,Duel Decks: Izzet vs. Golgari,79,Near Mint,English,,,,,,,,
1,0,"Darien, King of Kjeldor",Coldsnap,4,Near Mint,English,,,,,,,,
1,0,"Darigaaz, the Igniter",Duel Decks: Phyrexia vs. the Coalition,47,Near Mint,English,,,,,,,,
1,0,Dark Favor,Magic 2013,86,Near Mint,English,foil,,,,,,,
2,0,Dark Ritual,Ice Age,8,Near Mint,English,,,,,,,,
2,0,Dark Ritual,Mirage,14,Near Mint,English,,,,,,,,
4,0,Dark Ritual,Urza's Saga,127,Good (Lightly Played),English,,,,,,,,
1,0,Darkblast,Ravnica: City of Guilds,82,Near Mint,English,,,,,,,,
1,0,Darksteel Garrison,Future Sight,167,Near Mint,Chinese,,,,,,,,
1,0,Darksteel Ingot,Commander,245,Near Mint,English,,,,,,,,
4,0,Darksteel Juggernaut,Scars of Mirrodin,150,Near Mint,English,,,,,,,,
1,0,Dawnbringer Charioteers,Prerelease Events,78,Near Mint,English,foil,,,,,,,
1,0,Day of Judgment,Magic 2012,12,Near Mint,English,,,,,,,,
2,0,Daybreak Ranger,Innistrad,176,Near Mint,English,,,,,,,,
2,0,Deadbridge Goliath,Return to Ravnica,120,Near Mint,English,,,,,,,,
1,0,Deadeye Navigator,Avacyn Restored,47,Near Mint,English,,,,,,,,
1,0,Dearly Departed,Innistrad,9,Near Mint,English,foil,,,,,,,
2,0,Death by Dragons,Commander,118,Near Mint,English,,,,,,,,
1,0,Death Grasp,Duel Decks: Sorin vs. Tibalt,32,Near Mint,English,,,,,,,,
1,0,Death Match,Onslaught,136,Near Mint,English,,,,,,,,
1,0,Death's Shadow,Worldwake,57,Near Mint,English,,,,,,,,
1,1,Deathrite Shaman,Eternal Masters,215,Near Mint,English,,,,,,,,
2,0,Deathrite Shaman,"",,,,,,,,,,,0
3,0,Deceiver Exarch,New Phyrexia,33,Near Mint,English,,,,,,,,
1,0,Deicide,Journey into Nyx,7,Near Mint,English,,,,,,,,
7,0,Delver of Secrets,Innistrad,51,Near Mint,English,,,,,,,,
2,0,Demonic Dread,Alara Reborn,38,Near Mint,English,foil,,,,,,,
1,0,Deranged Outcast,Dark Ascension,112,Near Mint,English,,,,,,,,
1,0,Desecrated Earth,Zendikar,86,Near Mint,English,foil,,,,,,,
1,0,Deserter's Quarters,Journey into Nyx,160,Near Mint,English,foil,,,,,,,
3,0,Desolate Lighthouse,Avacyn Restored,227,Near Mint,English,,,,,,,,
1,0,Desperate Ritual,Modern Masters,110,Near Mint,English,,,,,,,,
2,0,Desperate Ritual,Champions of Kamigawa,163,Near Mint,English,,,,,,,,
1,0,Despise,New Phyrexia,56,Near Mint,English,,,,,,,,
1,0,Destructive Force,Magic 2011,133,Near Mint,English,,,,,,,,
6,1,Detention Sphere,Return to Ravnica,155,Near Mint,English,,,,,,,,
1,0,Deus of Calamity,Shadowmoor,204,Near Mint,Japanese,,,,,,,,
1,0,Devil's Play,Duel Decks: Sorin vs. Tibalt,72,Near Mint,English,,,,,,,,
2,0,Devil's Play,Innistrad,140,Near Mint,English,,,,,,,,
4,0,Devoted Druid,Shadowmoor,110,Near Mint,English,,,,,,,,
2,0,Diamond Faerie,Coldsnap,128,Near Mint,English,,,,,,,,
1,0,Dig Through Time,Khans of Tarkir,36,Near Mint,English,,,,,,,,
1,0,Diluvian Primordial,Gatecrash,33,Near Mint,English,,,,,,,,
1,0,Din of the Fireherd,Shadowmoor,184,Near Mint,Japanese,,,,,,,,
3,0,Diregraf Ghoul,Innistrad,97,Near Mint,English,foil,,,,,,,
5,0,Dismember,New Phyrexia,57,Near Mint,English,,,,,,,,
4,0,Dispatch,New Phyrexia,7,Near Mint,English,,,,,,,,
1,0,Divination,Magic 2013,47,Near Mint,English,foil,,,,,,,
2,0,Divine Deflection,Avacyn Restored,18,Near Mint,English,,,,,,,,
1,0,Divinity of Pride,Modern Masters,188,Near Mint,English,,,,,,,,
1,0,Djinn Illuminatus,Guildpact,142,Near Mint,English,,,,,,,,
4,4,Djinn of Wishes,Magic 2010,50,Near Mint,Chinese,,,,,,,,
1,1,Djinn of Wishes,Magic 2012,51,Near Mint,Chinese,,,,,,,,0
2,0,Doom Blade,Magic 2012,95,Near Mint,English,,,,,,,,
2,0,Doomed Traveler,Duel Decks: Sorin vs. Tibalt,2,Near Mint,English,,,,,,,,
1,0,Doubling Cube,Tenth Edition,321,Near Mint,English,,,,,,,,
1,0,Dragon Appeasement,Alara Reborn,115,Near Mint,English,foil,,,,,,,
1,0,Dragon Broodmother,Alara Reborn,53,Near Mint,English,,,,,,,,
1,1,Dragon Broodmother,Alara Reborn,53,Near Mint,Chinese,,,,,,,,0
1,0,Dragonmaster Outcast,Battle for Zendikar,144,Near Mint,English,,,,,,,,
1,0,Dragonscale General,Fate Reforged,11,Near Mint,English,,,,,,,,
1,0,Dragonskull Summit,Magic 2010,223,Near Mint,English,,,,,,,,
7,0,Dragonskull Summit,Magic 2011,223,Near Mint,English,,,,,,,,
2,0,Dragonskull Summit,Magic 2012,225,Near Mint,English,,,,,,,,
1,0,Dragonstorm,Modern Masters,111,Near Mint,English,,,,,,,,
1,0,Dramatic Entrance,Shadowmoor,111,Near Mint,English,,,,,,,,
1,0,Dread Cacodemon,Commander,79,Near Mint,English,,,,,,,,
5,0,Dreadbore,Return to Ravnica,157,Near Mint,English,,,,,,,,
1,0,Dream Fracture,Eventide,19,Near Mint,English,foil,,,,,,,
1,0,Dreg Mangler,Return to Ravnica,158,Near Mint,English,foil,,,,,,,
2,0,Drogskol Captain,Dark Ascension,136,Near Mint,English,,,,,,,,
1,0,Drove of Elves,Shadowmoor,112,Near Mint,Japanese,,,,,,,,
1,0,Drowned Catacomb,Magic 2010,224,Good (Lightly Played),English,,,,,,,,
1,0,Drowned Catacomb,Magic 2012,226,Good (Lightly Played),English,,,,,,,,
1,0,Druids' Repository,Avacyn Restored,176,Near Mint,English,,,,,,,,
1,0,Eagle of the Watch,Journey into Nyx,9,Near Mint,English,foil,,,,,,,
3,0,Earthquake,Magic 2010,134,Near Mint,English,,,,,,,,
1,0,Ebon Stronghold,Premium Deck Series: Graveborn,25,Near Mint,English,foil,,,,,,,
1,0,Echo Mage,Rise of the Eldrazi,64,Near Mint,English,,,,,,,,
2,0,Echoing Truth,Duel Decks: Elspeth vs. Tezzeret,66,Near Mint,English,,,,,,,,
1,0,Echoing Truth,Modern Masters,40,Near Mint,English,,,,,,,,
2,0,Eldrazi Monument,Zendikar,199,Near Mint,English,,,,,,,,
1,0,Electrolyze,Modern Masters,175,Near Mint,English,,,,,,,,
1,0,"Elspeth, Knight-Errant",Duel Decks: Elspeth vs. Tezzeret,1,Near Mint,English,foil,,,,,,,
1,0,"Elspeth, Knight-Errant",Modern Masters,13,Near Mint,English,,,,,,,,
1,0,Elvish Champion,Tenth Edition,261,Near Mint,English,foil,,,,,,,
1,0,Elvish Harbinger,Lorwyn,207,Near Mint,English,,,,,,,,
3,0,Elvish Spirit Guide,Alliances,69,Near Mint,English,,,,,,,,
1,0,Elvish Spirit Guide,"",,,,,,,,,,,
2,0,"Emeria, the Sky Ruin",Zendikar,213,Near Mint,English,,,,,,,,
3,0,Empty the Warrens,Modern Masters,112,Near Mint,English,,,,,,,,
1,0,Empty the Warrens,Time Spiral,152,Near Mint,English,,,,,,,,
3,0,"Emrakul, the Aeons Torn",Rise of the Eldrazi,4,Near Mint,English,,,,,,,,
1,0,Enclave Cryptologist,Rise of the Eldrazi,66,Played,English,foil,,,,,,,
1,0,Endless Ranks of the Dead,Innistrad,99,Near Mint,English,,,,,,,,
1,0,Energy Chamber,Duel Decks: Elspeth vs. Tezzeret,64,Near Mint,English,,,,,,,,
1,0,Engineered Explosives,Modern Masters,204,Near Mint,English,,,,,,,,
1,0,Entreat the Angels,Avacyn Restored,20,Near Mint,English,,,,,,,,
1,1,Eternity Vessel,Zendikar,200,Near Mint,Chinese,,,,,,,,0
2,0,Evacuation,Tenth Edition,83,Near Mint,English,,,,,,,,
2,0,Exhume,Premium Deck Series: Graveborn,17,Near Mint,English,foil,,,,,,,
1,0,Experiment One,Friday Night Magic,160,Near Mint,English,foil,,,,,,,
1,0,Extirpate,Modern Masters,84,Near Mint,English,,,,,,,,
1,0,Eye of the Storm,Ravnica: City of Guilds,48,Near Mint,English,,,,,,,,
8,4,Ezuri's Brigade,Scars of Mirrodin,121,Near Mint,English,,,,,,,,
2,0,"Ezuri, Renegade Leader",Scars of Mirrodin,119,Near Mint,English,,,,,,,,
1,0,Faceless Butcher,Premium Deck Series: Graveborn,3,Near Mint,English,foil,,,,,,,
1,0,Facevaulter,Modern Masters,85,Near Mint,English,foil,,,,,,,
1,0,Faerie Mechanist,Modern Masters,45,Near Mint,English,foil,,,,,,,
1,0,Faithless Looting,Duel Decks: Sorin vs. Tibalt,59,Near Mint,English,,,,,,,,
2,0,Faithless Looting,Dark Ascension,87,Near Mint,English,,,,,,,,
1,0,Fallen Angel,Eighth Edition,133,Near Mint,English,,,,,,,,
1,0,Farbog Boneflinger,Dark Ascension,61,Near Mint,English,foil,,,,,,,
1,0,Farseek,Friday Night Magic,154,Near Mint,English,foil,,,,,,,
1,0,Fate Transfer,Shadowmoor,161,Near Mint,English,foil,,,,,,,
1,0,Fathom Mage,Prerelease Events,61,Near Mint,English,foil,,,,,,,
1,0,Field of Souls,Duel Decks: Sorin vs. Tibalt,30,Near Mint,English,,,,,,,,
1,0,Fiend Hunter,Duel Decks: Sorin vs. Tibalt,11,Near Mint,English,,,,,,,,
1,0,Fiend of the Shadows,Dark Ascension,62,Near Mint,English,,,,,,,,
1,0,Fiendslayer Paladin,Magic 2014 Core Set,18,Mint,English,,,,,,,,
1,0,Fiery Fall,Modern Masters,113,Near Mint,English,foil,,,,,,,
1,0,Filigree Sages,Shards of Alara,44,Near Mint,English,foil,,,,,,,
2,0,Fire // Ice,Duel Decks: Izzet vs. Golgari,32,Near Mint,English,,,,,,,,
1,0,Fire Ambush,Portal Three Kingdoms,111,Near Mint,English,,,,,,,,
2,0,Fire Servant,Premium Deck Series: Fire and Lightning,15,Near Mint,English,foil,,,,,,,
2,0,Fireball,Premium Deck Series: Fire and Lightning,27,Near Mint,English,foil,,,,,,,
2,0,Firemane Angel,Ravnica: City of Guilds,205,Near Mint,English,,,,,,,,
2,0,Firemind's Foresight,Return to Ravnica,162,Near Mint,English,,,,,,,,
1,0,Firewing Phoenix,Magic 2013,131,Near Mint,English,,,,,,,,
1,0,Flame Javelin,Duel Decks: Sorin vs. Tibalt,70,Near Mint,English,,,,,,,,
1,0,Flame Javelin,Shadowmoor,92,Near Mint,Japanese,,,,,,,,
1,0,Flame Slash,Duel Decks: Sorin vs. Tibalt,60,Near Mint,English,,,,,,,,
1,1,Flameblast Dragon,Magic 2012,133,Near Mint,Chinese,,,,,,,,
1,0,Flameblast Dragon,Magic 2012,133,Near Mint,English,,,,,,,,
1,0,Flames of the Blood Hand,Premium Deck Series: Fire and Lightning,22,Near Mint,English,foil,,,,,,,
1,0,Flesh-Eater Imp,Mirrodin Besieged,42,Near Mint,English,foil,,,,,,,
1,1,Flickerwisp,Modern Masters,16,Near Mint,English,,,,,,,,0
4,0,Frantic Search,Urza's Legacy,32,Near Mint,English,,,,,,,,
1,0,Frontline Medic,Gatecrash,12,Near Mint,English,,,,,,,,
1,0,Furystoke Giant,Shadowmoor,93,Near Mint,English,,,,,,,,
1,1,Future Sight,Duel Decks: Jace vs. Vraska,33,Near Mint,English,,,,,,,,0
1,0,Future Sight,Onslaught,84,Near Mint,English,,,,,,,,0
1,0,Gallows at Willow Hill,Avacyn Restored,215,Near Mint,English,,,,,,,,
1,0,Gargoyle Castle,Magic 2010,225,Near Mint,English,,,,,,,,
1,0,Garruk Wildspeaker,Lorwyn,213,Near Mint,English,,,,,,,,
1,0,Garruk Wildspeaker,Magic 2011,175,Near Mint,English,,,,,,,,
2,0,Garruk Wildspeaker,Magic 2011,175,Near Mint,Chinese,,,,,,,,
1,0,Garruk's Horde,Magic 2012,176,Near Mint,English,,,,,,,,
1,0,"Garruk, Primal Hunter",Magic 2013,174,Near Mint,English,,,,,,,,
1,0,"Garza Zol, Plague Queen",Coldsnap,129,Near Mint,English,,,,,,,,
1,0,Gelatinous Genesis,Rise of the Eldrazi,183,Near Mint,English,,,,,,,,
3,0,Gemstone Mine,"Time Spiral ""Timeshifted""",119,,,,,,,,,,
2,0,Geralf's Messenger,Dark Ascension,63,Near Mint,English,,,,,,,,
2,0,Geralf's Mindcrusher,Dark Ascension,37,Near Mint,English,,,,,,,,
2,0,Ghitu Encampment,Premium Deck Series: Fire and Lightning,29,Near Mint,English,foil,,,,,,,
3,0,Ghost Quarter,Dissension,173,Near Mint,English,,,,,,,,
1,0,Ghost Quarter,Innistrad,240,Near Mint,English,foil,,,,,,,
5,0,Ghost Quarter,Innistrad,240,Near Mint,English,,,,,,,,
2,0,Ghost-Lit Stalker,Duel Decks: Garruk vs. Liliana,34,Near Mint,English,,,,,,,,
1,0,Ghoultree,Dark Ascension,115,Near Mint,English,,,,,,,,
1,0,Giant Adephage,Gatecrash,121,Near Mint,English,,,,,,,,
1,0,Giant Growth,Return to Ravnica,125,Near Mint,English,foil,,,,,,,
1,0,Gideon Jura,Rise of the Eldrazi,21,Mint,English,,,,,,,,
1,0,Gideon Jura,Magic 2012,16,Near Mint,English,,,,,,,,
2,0,Gilded Lotus,Magic 2013,206,Near Mint,English,,,,,,,,
1,0,"Gisela, Blade of Goldnight",Avacyn Restored,209,Near Mint,English,,,,,,,,
1,0,Glimmervoid,Modern Masters,223,Near Mint,English,,,,,,,,
2,0,Glistening Oil,New Phyrexia,62,Near Mint,English,,,,,,,,
2,0,Go for the Throat,Mirrodin Besieged,43,Near Mint,English,,,,,,,,
4,0,Goblin Charbelcher,Mirrodin,176,Near Mint,English,,,,,,,,
1,0,Goblin War Strike,"",,,,,,,,,,,
1,0,Goblin Welder,Urza's Legacy,80,Near Mint,English,,,,,,,,
1,0,Golem's Heart,WPN/Gateway,60,Near Mint,English,foil,,,,,,,
2,0,Golgari Charm,Return to Ravnica,164,Mint,English,,,,,,,,
1,0,Gorger Wurm,Alara Reborn,56,Near Mint,English,foil,,,,,,,
1,0,Grapeshot,Modern Masters,116,Near Mint,English,,,,,,,,
1,0,Grasp of Darkness,Scars of Mirrodin,65,Near Mint,English,,,,,,,,
1,0,Grasp of Phantoms,Innistrad,58,Near Mint,English,foil,,,,,,,
2,0,Grave Betrayal,Return to Ravnica,67,Near Mint,English,,,,,,,,
1,0,Gravecrawler,Dark Ascension,64,,,,,,,,,,
1,0,Gravitational Shift,Rise of the Eldrazi,69,Near Mint,English,,,,,,,,
1,1,Gravitational Shift,Rise of the Eldrazi,69,Near Mint,Chinese,,,,,,,,0
5,0,Grim Backwoods,Dark Ascension,156,Near Mint,English,,,,,,,,
1,0,Grip of Chaos,Scourge,98,Near Mint,English,,,,,,,,
2,0,Grixis Charm,Duel Decks: Ajani vs. Nicol Bolas,63,Near Mint,English,,,,,,,,
1,0,Ground Seal,Magic 2013,176,Near Mint,English,,,,,,,,
3,0,Grove of the Guardian,Return to Ravnica,240,Near Mint,English,,,,,,,,
1,0,Guardian Seraph,Magic 2010,13,Near Mint,English,,,,,,,,
3,0,Gut Shot,New Phyrexia,86,Near Mint,English,,,,,,,,
1,0,Gutter Grime,Innistrad,186,Near Mint,English,,,,,,,,
1,0,Guttural Response,Shadowmoor,208,Near Mint,Japanese,,,,,,,,
1,0,Guul Draz Assassin,Rise of the Eldrazi,112,Near Mint,English,foil,,,,,,,
3,0,"Haakon, Stromgald Scourge",Coldsnap,61,Near Mint,English,,,,,,,,
4,0,Hallowed Fountain,Return to Ravnica,241,Near Mint,English,,,,,,,,
1,0,Halo Hunter,Zendikar,96,Near Mint,English,,,,,,,,
2,0,Hammer of Bogardan,Premium Deck Series: Fire and Lightning,23,Near Mint,English,foil,,,,,,,
1,0,Hana Kami,Modern Masters,147,Near Mint,English,foil,,,,,,,
1,0,Harmonic Sliver,"",,,,,,,,,,,
2,0,Haunting Echoes,Magic 2011,99,Near Mint,English,,,,,,,,
2,0,Havengul Runebinder,Dark Ascension,39,Near Mint,English,,,,,,,,
1,0,Headless Skaab,Dark Ascension,40,Near Mint,English,foil,,,,,,,
1,0,Heartless Summoning,Innistrad,104,Near Mint,English,foil,,,,,,,
1,0,Heartmender,Shadowmoor,228,Near Mint,Japanese,,,,,,,,
1,0,Hedron Scrabbler,Zendikar,204,Near Mint,English,foil,,,,,,,
1,0,Hedron-Field Purists,Rise of the Eldrazi,25,Near Mint,English,,,,,,,,
1,0,Hellion Eruption,Rise of the Eldrazi,151,Near Mint,English,,,,,,,,
1,0,Hellrider,Duel Decks: Sorin vs. Tibalt,52,Near Mint,English,,,,,,,,
2,0,Hellspark Elemental,Duel Decks: Sorin vs. Tibalt,46,Near Mint,English,,,,,,,,
1,0,Herald of Leshrac,Coldsnap,62,Near Mint,English,,,,,,,,
1,0,Heretic's Punishment,Innistrad,147,Near Mint,English,,,,,,,,
1,0,Heretic's Punishment,Innistrad,147,Near Mint,English,foil,,,,,,,
1,0,Hero of Bladehold,Prerelease Events,47,Near Mint,English,,,,,,,,
1,0,Hero of Iroas,Born of the Gods,17,Near Mint,French,,,,,,,,
1,0,Hex Parasite,New Phyrexia,137,Near Mint,English,,,,,,,,
1,0,Hibernation Sliver,Stronghold,140,Near Mint,English,,,,,,,,
2,0,Hibernation's End,Coldsnap,110,Near Mint,English,,,,,,,,
2,0,Hidden Horror,Premium Deck Series: Graveborn,2,Near Mint,English,foil,,,,,,,
5,1,High Priest of Penance,Gatecrash,171,Near Mint,English,,,,,,,,
1,0,Hillcomber Giant,Modern Masters,18,Near Mint,English,foil,,,,,,,
1,0,Hinder,Champions of Kamigawa,65,Near Mint,English,,,,,,,,
4,0,Hinterland Harbor,Innistrad,241,Near Mint,English,,,,,,,,
1,0,Hive Mind,Magic 2010,54,Near Mint,English,,,,,,,,
1,0,Hoard-Smelter Dragon,Scars of Mirrodin,93,Near Mint,English,,,,,,,,
1,0,Hoarding Dragon,Magic 2011,144,Near Mint,English,,,,,,,,
1,0,Hollowsage,Shadowmoor,69,Near Mint,English,foil,,,,,,,
1,0,Homeward Path,Commander,277,Near Mint,English,,,,,,,,
4,0,Honor of the Pure,Magic 2010,16,Good (Lightly Played),English,,,,,,,,0
2,1,Honor of the Pure,Magic 2012,23,Near Mint,English,,,,,,,,
1,0,Horobi's Whisper,Modern Masters,88,Near Mint,English,foil,,,,,,,
1,0,Hound of Griselbrand,Avacyn Restored,141,Near Mint,English,,,,,,,,
2,0,Hovermyr,New Phyrexia,138,Near Mint,English,foil,,,,,,,
1,0,Huntmaster of the Fells,Dark Ascension,140,Near Mint,English,,,,,,,,
2,0,Hurkyl's Recall,Tenth Edition,88,Near Mint,English,,,,,,,,
1,0,Hurkyl's Recall,Tenth Edition,88,,,,,,,,,,
2,0,Hypersonic Dragon,Return to Ravnica,170,Near Mint,English,,,,,,,,
1,0,Ikiral Outrider,Rise of the Eldrazi,27,Near Mint,English,foil,,,,,,,
3,0,Imposing Sovereign,Magic 2014 Core Set,22,Near Mint,English,,,,,,,,
1,0,Increasing Confusion,Dark Ascension,41,Near Mint,English,,,,,,,,
4,0,Increasing Devotion,Dark Ascension,11,Near Mint,English,,,,,,,,
3,0,Increasing Vengeance,Dark Ascension,95,Near Mint,English,,,,,,,,
1,0,Infantry Veteran,Magic 2011,18,Near Mint,English,foil,,,,,,,
1,0,Inferno Titan,Magic 2011,146,Near Mint,English,,,,,,,,
2,0,Inkmoth Nexus,Mirrodin Besieged,145,Near Mint,English,,,,,,,,
1,0,Inkwell Leviathan,Premium Deck Series: Graveborn,10,Near Mint,English,foil,,,,,,,
1,0,Inkwell Leviathan,Conflux,30,Near Mint,English,,,,,,,,0
4,4,Inkwell Leviathan,Conflux,30,Near Mint,Chinese,,,,,,,,0
1,0,Inquisition of Kozilek,Rise of the Eldrazi,115,Near Mint,English,,,,,,,,
2,0,Instigator Gang,Innistrad,149,Near Mint,English,,,,,,,,
1,0,Insurrection,Onslaught,213,Near Mint,English,,,,,,,,
5,1,Invader Parasite,New Phyrexia,87,Near Mint,English,,,,,,,,
4,0,Invisible Stalker,Innistrad,60,Near Mint,English,,,,,,,,
1,0,Invoke the Firemind,Guildpact,118,Near Mint,English,,,,,,,,
1,1,"Iona, Shield of Emeria",Zendikar,13,Near Mint,Chinese,,,,,,,,0
4,0,Jace Beleren,Lorwyn,71,Near Mint,English,,,,,,,,
1,0,Jace Beleren,Magic 2010,58,Near Mint,English,,,,,,,,
1,0,"Jace, Architect of Thought",Return to Ravnica,44,Near Mint,English,,,,,,,,
2,0,"Jace, Memory Adept",Magic 2014 Core Set,60,Near Mint,English,,,,,,,,
1,0,"Jace, the Mind Sculptor",From the Vault: Twenty,18,Near Mint,English,foil,,,,,promo,,
2,0,Jackal Pup,Premium Deck Series: Fire and Lightning,2,Near Mint,English,foil,,,,,,,
1,0,Jagwasp Swarm,Worldwake,58,Near Mint,English,foil,,,,,,,
1,0,Jar of Eyeballs,Dark Ascension,152,Near Mint,English,,,,,,,,
2,0,"Jaya Ballard, Task Mage",Premium Deck Series: Fire and Lightning,10,Near Mint,English,foil,,,,,,,
1,0,Jeskai Ascendancy,Khans of Tarkir,180,Near Mint,English,,,,,,,,
1,0,Jester's Scepter,Coldsnap,137,Near Mint,English,,,,,,,,
1,0,"Jin-Gitaxias, Core Augur",New Phyrexia,37,Near Mint,English,,,,,,,,
1,0,Jokulmorder,Coldsnap,37,Near Mint,English,,,,,,,,
3,0,"Jor Kadeen, the Prevailer",New Phyrexia,128,Near Mint,English,,,,,,,,
2,0,Joraga Treespeaker,Rise of the Eldrazi,190,Near Mint,English,,,,,,,,
2,0,Joraga Warcaller,Worldwake,106,Near Mint,English,,,,,,,,
1,0,Journeyer's Kite,Champions of Kamigawa,257,Near Mint,English,,,,,,,,
3,0,Jungle Shrine,Duel Decks: Ajani vs. Nicol Bolas,34,Near Mint,English,,,,,,,,
1,0,Juvenile Gloomwidow,Shadowmoor,121,Near Mint,English,foil,,,,,,,
1,0,Jwari Scuttler,Rise of the Eldrazi,73,Near Mint,English,,,,,,,,
1,0,Jwari Shapeshifter,Worldwake,32,Near Mint,English,foil,,,,,,,
2,0,Jwari Shapeshifter,Worldwake,32,Near Mint,English,,,,,,,,
1,1,Kaalia of the Vast,Commander,206,Near Mint,English,,,,,,,,0
1,0,"Kalitas, Bloodchief of Ghet",Zendikar,99,Near Mint,English,,,,,,,,
4,0,Karmic Justice,Odyssey,26,Near Mint,English,,,,,,,,
5,0,Kazandu Tuskcaller,Rise of the Eldrazi,191,Near Mint,English,,,,,,,,
3,0,Kazuul Warlord,Zendikar,134,Near Mint,English,,,,,,,,
2,0,Keldon Champion,Premium Deck Series: Fire and Lightning,14,Near Mint,English,foil,,,,,,,
3,0,Keldon Marauders,Premium Deck Series: Fire and Lightning,7,Near Mint,English,foil,,,,,,,
1,0,Kessig Wolf,Innistrad,151,Near Mint,English,foil,,,,,,,
2,0,Kessig Wolf Run,Innistrad,243,Near Mint,English,,,,,,,,
1,0,"Kiki-Jiki, Mirror Breaker",From the Vault: Legends,4,Near Mint,English,foil,,,,,,,
1,0,"Kiki-Jiki, Mirror Breaker",Modern Masters,120,Near Mint,English,,,,,,,,
1,0,"Kiki-Jiki, Mirror Breaker",Modern Masters,120,Near Mint,English,foil,,,,,,,
1,0,Kiln Walker,New Phyrexia,142,Near Mint,English,foil,,,,,,,
1,0,Kinsbaile Cavalier,Morningtide,15,Near Mint,English,,,,,,,,
3,1,Kitchen Finks,Modern Masters,190,Near Mint,English,,,,,,,,
2,0,Kitchen Finks,Shadowmoor,229,Near Mint,Japanese,,,,,,,,0
1,0,Kitesail,Magic 2013,208,Near Mint,English,foil,,,,,,,
2,0,Knight Exemplar,Magic 2011,20,Near Mint,English,,,,,,,,
1,0,Knight of the Reliquary,Modern Masters,178,Near Mint,English,,,,,,,,
1,0,Knollspine Dragon,Shadowmoor,98,Near Mint,English,,,,,,,,
1,0,Knowledge Exploitation,Morningtide,38,Near Mint,English,,,,,,,,
3,0,Knowledge Pool,Mirrodin Besieged,111,Near Mint,English,,,,,,,,
1,0,Kodama's Reach,Modern Masters,151,Near Mint,English,,,,,,,,
4,0,Kor Spiritdancer,Rise of the Eldrazi,31,Near Mint,English,,,,,,,,
2,0,Koth of the Hammer,Duel Decks: Venser vs. Koth,44,Near Mint,English,,,,,,,,
1,0,Koth of the Hammer,Scars of Mirrodin,94,Near Mint,English,,,,,,,,
1,0,Krenko's Command,Magic 2013,139,Near Mint,English,,,,,,,,
1,0,"Krenko, Mob Boss",Magic 2013,138,Near Mint,English,,,,,,,,
1,0,Kresh the Bloodbraided,From the Vault: Legends,5,Near Mint,English,foil,,,,,,,
1,0,Krosan Grip,Modern Masters,152,Near Mint,English,,,,,,,,
3,0,Kruin Outlaw,Innistrad,152,Near Mint,English,,,,,,,,
3,0,Kulrath Knight,Shadowmoor,190,Near Mint,Japanese,,,,,,,,
1,0,Lambholt Elder,Dark Ascension,122,Near Mint,English,foil,,,,,,,
4,0,Land Grant,"",,,,,,,,,,,
5,1,Lashwrithe,New Phyrexia,143,Near Mint,English,,,,,,,,
2,0,Last Rites,Premium Deck Series: Graveborn,21,Near Mint,English,foil,,,,,,,
2,0,Lava Spike,Modern Masters,121,Near Mint,English,,,,,,,,
1,0,Lavaball Trap,Zendikar,135,Near Mint,English,,,,,,,,
1,0,Lavaborn Muse,Duel Decks: Sorin vs. Tibalt,50,Near Mint,English,,,,,,,,
1,0,Leaden Myr,Scars of Mirrodin,170,Near Mint,English,foil,,,,,,,
1,0,Legion Loyalist,Gatecrash,97,Near Mint,English,,,,,,,,
4,4,Leyline of Anticipation,Magic 2011,61,Near Mint,Chinese,,,,,,,,0
2,0,Leyline of Anticipation,Magic 2011,61,Near Mint,English,,,,,,,,
1,0,Lifebane Zombie,Magic 2014 Core Set,101,Near Mint,English,,,,,,,,
2,0,Lightmine Field,Rise of the Eldrazi,32,Near Mint,English,,,,,,,,
1,0,Lightning Berserker,Dragons of Tarkir,146,Near Mint,English,,,,,,,,
6,0,Lightning Bolt,Magic 2010,146,Near Mint,English,,,,,,,,
3,0,Lightning Bolt,Magic 2011,149,Near Mint,English,,,,,,,,
1,0,Lightning Greaves,Commander,253,Near Mint,English,,,,,,,,
2,0,Lightning Greaves,Mirrodin,199,Near Mint,Japanese,,,,,,,,
1,0,Lightning Helix,Modern Masters,179,Near Mint,English,,,,,,,,
1,0,Lightning Serpent,Coldsnap,88,Near Mint,English,,,,,,,,
1,0,Liliana of the Dark Realms,Magic 2013,97,Near Mint,Chinese,,,,,,,,
1,0,Liliana of the Dark Realms,Magic 2014 Core Set,102,Near Mint,English,,,,,,,,
3,0,Liliana of the Veil,Innistrad,105,,,,,,,,,,
1,0,Liliana Vess,Duel Decks: Garruk vs. Liliana,32,Near Mint,English,foil,,,,,,,
1,0,Liliana Vess,Magic 2010,102,Near Mint,English,,,,,,,,0
1,0,Liliana's Reaver,Magic 2014 Core Set,103,Near Mint,English,,,,,,,,
1,0,"Linessa, Zephyr Mage",Future Sight,51,Near Mint,Chinese,,,,,,,,
1,0,Lingering Souls,Duel Decks: Sorin vs. Tibalt,24,Near Mint,English,,,,,,,,
1,0,"Linvala, Keeper of Silence",Rise of the Eldrazi,33,Near Mint,English,,,,,,,,
1,0,Lion's Eye Diamond,Mirage,272,Near Mint,English,,,,,,,,
1,0,Lion's Eye Diamond,Mirage,272,Played,English,,,,,,,,
4,0,Livewire Lash,Scars of Mirrodin,172,Near Mint,English,,,,,,,,
3,0,Living End,Time Spiral,115,Near Mint,English,,,,,,,,
1,0,Loaming Shaman,Dissension,87,Near Mint,English,,,,,,,,
1,0,Logic Knot,Modern Masters,51,Near Mint,English,foil,,,,,,,
2,0,Lord of Shatterskull Pass,Rise of the Eldrazi,156,Near Mint,English,,,,,,,,
1,1,"Lorthos, the Tidemaker",Zendikar,53,Near Mint,Chinese,,,,,,,,
1,0,Lost in the Woods,Dark Ascension,123,Near Mint,English,,,,,,,,
4,0,Lotleth Troll,Return to Ravnica,177,Near Mint,English,,,,,,,,
1,0,Lotus Bloom,Modern Masters,208,Near Mint,English,,,,,,,,
2,2,Lotus Cobra,Zendikar,168,Near Mint,Chinese,,,,,,,,0
4,0,Lotus Petal,Tempest,284,Near Mint,English,,,,,,,,
1,0,Lovisa Coldeyes,Coldsnap,90,Near Mint,English,,,,,,,,
2,0,Loxodon Hierarch,Duel Decks: Ajani vs. Nicol Bolas,15,Near Mint,English,,,,,,,,
1,0,Loxodon Partisan,Mirrodin Besieged,12,Near Mint,English,foil,,,,,,,
1,0,Loyal Sentry,Duel Decks: Elspeth vs. Tezzeret,5,Near Mint,English,,,,,,,,
3,0,Lullmage Mentor,Zendikar,54,Good (Lightly Played),English,,,,,,,,
1,0,Lumberknot,Innistrad,191,Near Mint,English,foil,,,,,,,
1,0,Lunar Mystic,Avacyn Restored,65,Near Mint,English,,,,,,,,
1,0,Maelstrom Pulse,Modern Masters,180,Near Mint,English,,,,,,,,
1,0,Magister Sphinx,Conflux,116,Near Mint,English,,,,,,,,
1,0,Magma Spray,Shards of Alara,108,Near Mint,English,foil,,,,,,,
1,0,Magmaquake,Magic 2013,140,Near Mint,English,,,,,,,,
2,0,Magnetic Mine,Mirrodin Besieged,113,Near Mint,English,,,,,,,,
1,0,Magus of the Future,Future Sight,40,Good (Lightly Played),English,,,,,,,,
1,0,Make a Wish,Innistrad,192,Near Mint,English,foil,,,,,,,
1,0,Malfegor,Conflux,117,Near Mint,English,,,,,,,,
1,0,Mana Echoes,Onslaught,218,Near Mint,English,,,,,,,,
1,0,Mana Leak,Magic 2011,62,Near Mint,Chinese,,,,,,,,
2,0,Manabarbs,Magic 2012,150,Near Mint,Chinese,,,,,,,,
2,0,Manamorphose,Shadowmoor,211,Near Mint,Japanese,,,,,,,,
1,0,Mantis Rider,Khans of Tarkir,184,Near Mint,English,,,,,,,,
1,0,Marble Chalice,Shards of Alara,18,Near Mint,English,foil,,,,,,,
1,0,March of the Machines,Archenemy,6,Near Mint,English,,,,,,,,
3,0,Marsh Flats,Zendikar,219,Near Mint,English,,,,,,,,
2,0,Master of Cruelties,Dragon's Maze,82,Near Mint,English,,,,,,,,
1,0,Master of Etherium,Duel Decks: Elspeth vs. Tezzeret,48,Near Mint,English,,,,,,,,
1,0,Master of Etherium,Planechase,11,Near Mint,English,,,,,,,,
2,0,Master of Etherium,Shards of Alara,49,Near Mint,English,,,,,,,,
1,0,Mayor of Avabruck,Prerelease Events,51,Near Mint,English,foil,,,,,,,
1,0,"Melira, Sylvok Outcast",New Phyrexia,115,Near Mint,English,,,,,,,,
4,0,Memory Sluice,Shadowmoor,170,Near Mint,English,,,,,,,,
1,1,Mentor of the Meek,Commander 2014,79,Near Mint,English,,,,,,,,0
4,0,Mentor of the Meek,Innistrad,21,Near Mint,English,,,,,,,,0
2,0,Merfolk Sovereign,Magic 2011,65,Near Mint,English,,,,,,,,
1,1,Merfolk Sovereign,Magic 2011,65,Near Mint,Chinese,,,,,,,,
1,0,Mesa Enchantress,Magic 2012,25,Near Mint,English,,,,,,,,
1,0,Mesmeric Fiend,Duel Decks: Sorin vs. Tibalt,7,Near Mint,English,,,,,,,,
2,0,Mighty Leap,Magic 2012,26,Near Mint,English,foil,,,,,,,
1,0,"Mikaeus, the Lunarch",From the Vault: Legends,6,Near Mint,English,foil,,,,,,,
1,0,Mimic Vat,Scars of Mirrodin,175,Near Mint,English,,,,,,,,
1,0,Miming Slime,Gatecrash,126,Near Mint,English,foil,,,,,,,
1,0,"Minamo, School at Water's Edge",Champions of Kamigawa,279,Near Mint,English,,,,,,,,
1,0,Mind Bend,Tenth Edition,93,Near Mint,English,,,,,,,,
1,0,Mind Control,Magic 2012,67,Near Mint,English,foil,,,,,,,
1,0,Mind Funeral,Modern Masters,181,Near Mint,English,,,,,,,,
3,0,Mind Funeral,Alara Reborn,26,Near Mint,English,,,,,,,,
1,0,Mind Shatter,Magic 2010,106,Near Mint,English,,,,,,,,
1,0,Mindbreak Trap,Zendikar,57,Near Mint,English,,,,,,,,
1,0,Mindbreak Trap,Zendikar,57,Near Mint,Chinese,,,,,,,,
1,0,Mindshrieker,Innistrad,67,Near Mint,English,,,,,,,,
2,0,Mindslaver,Scars of Mirrodin,176,Near Mint,English,,,,,,,,
4,0,Misty Rainforest,Zendikar,220,Near Mint,English,,,,,,,,
1,0,Mitotic Manipulation,Mirrodin Besieged,27,Near Mint,English,,,,,,,,
1,0,Mitotic Slime,Magic 2011,185,Near Mint,English,,,,,,,,
1,0,Mogg Fanatic,Premium Deck Series: Fire and Lightning,3,Near Mint,English,foil,,,,,,,
3,0,Mogg Flunkies,Premium Deck Series: Fire and Lightning,8,Near Mint,English,foil,,,,,,,
1,0,Mogg Flunkies,Magic 2013,143,Near Mint,English,foil,,,,,,,
1,0,Mogg War Marshal,Modern Masters,122,Near Mint,English,foil,,,,,,,
1,0,Moment of Heroism,Innistrad,24,Near Mint,English,,,,,,,,
2,0,Momentous Fall,Rise of the Eldrazi,197,Near Mint,English,,,,,,,,
1,0,Mondronen Shaman,Launch Parties,17,Near Mint,English,,,,,,,,
1,0,Moonsilver Spear,Prerelease Events,53,Mint,English,foil,,,,,,,
1,0,Moonsilver Spear,Avacyn Restored,217,Near Mint,English,,,,,,,,
1,0,Moonsilver Spear,Avacyn Restored,217,Near Mint,English,foil,,,,,,,
1,0,Mortician Beetle,Rise of the Eldrazi,117,Near Mint,English,,,,,,,,
1,0,Mortify,Conspiracy,190,Near Mint,English,,,,,,,,
1,0,Mortify,Conspiracy,190,Near Mint,English,foil,,,,,,,
2,2,Mother of Runes,Duel Decks: Elspeth vs. Kiora,20,Near Mint,English,,,,,,,,0
1,0,Mother of Runes,Commander,21,Near Mint,English,,,,,,,,0
3,0,Mul Daya Channelers,Rise of the Eldrazi,198,Near Mint,English,,,,,,,,
1,0,Mulldrifter,Modern Masters,54,Near Mint,English,,,,,,,,
4,0,Mulldrifter,Lorwyn,76,Near Mint,English,,,,,,,,
1,0,Murderous Redcap,Shadowmoor,192,Near Mint,English,,,,,,,,
1,0,Mutilate,Duel Decks: Garruk vs. Liliana,55,Near Mint,English,,,,,,,,
1,0,Mwonvuli Beast Tracker,Magic 2013,177,Near Mint,English,,,,,,,,
2,2,Mycoloth,Shards of Alara,140,Near Mint,Chinese,,,,,,,,
2,0,Myr Battlesphere,Scars of Mirrodin,180,Near Mint,English,,,,,,,,
8,4,Myr Reservoir,Scars of Mirrodin,183,Near Mint,English,,,,,,,,
1,0,Myr Superion,New Phyrexia,146,Near Mint,English,,,,,,,,
5,0,Myr Turbine,Mirrodin Besieged,117,Near Mint,English,,,,,,,,
1,0,Mystifying Maze,Magic 2011,226,Near Mint,English,foil,,,,,,,
1,0,Mystifying Maze,Magic 2011,226,Near Mint,English,,,,,,,,
1,0,Nantuko Shade,Magic 2011,106,Near Mint,English,,,,,,,,
1,0,Nantuko Shaman,Modern Masters,156,Near Mint,English,foil,,,,,,,
1,0,Narcomoeba,Modern Masters,55,Near Mint,English,,,,,,,,
1,0,"Narset, Enlightened Master",Khans of Tarkir,190,Near Mint,English,,,,,,,,
1,0,Natural End,Avacyn Restored,185,Near Mint,English,foil,,,,,,,
1,0,Natural Order,Visions,64,Played,English,,,,,,,,
1,1,Near-Death Experience,Rise of the Eldrazi,38,Near Mint,Chinese,,,,,,,,0
1,0,Necromancer's Covenant,Alara Reborn,82,Near Mint,English,,,,,,,,0
1,1,Necromancer's Covenant,Alara Reborn,82,Near Mint,Chinese,,,,,,,,0
1,0,Necromaster Dragon,Dragons of Tarkir,226,Near Mint,English,,,,,,,,
1,0,Necropolis Regent,Return to Ravnica,71,Near Mint,English,,,,,,,,
1,0,Necrotic Ooze,Scars of Mirrodin,72,Near Mint,English,,,,,,,,
2,0,Necrotic Plague,Magic 2011,107,Near Mint,English,,,,,,,,
1,0,Nemesis of Mortals,Theros,163,Near Mint,English,foil,,,,,,,
4,0,Nephalia Drownyard,Innistrad,245,Near Mint,English,,,,,,,,
1,0,Nettlevine Blight,Lorwyn,131,Near Mint,English,,,,,,,,
1,0,Niblis of the Urn,Dark Ascension,16,Near Mint,English,foil,,,,,,,
2,0,"Nicol Bolas, Planeswalker",Duel Decks: Ajani vs. Nicol Bolas,42,Near Mint,English,,,,,,,,
1,0,Nighthowler,Theros,98,Near Mint,English,,,,,,,,
1,0,Nightwing Shade,Magic 2011,109,Near Mint,English,foil,,,,,,,
1,0,"Nin, the Pain Artist",Commander,213,Near Mint,English,,,,,,,,
1,0,Nissa Revane,Media Inserts,27,Near Mint,English,,,,,,,,
1,0,"Niv-Mizzet, the Firemind",Guildpact,123,Near Mint,English,,,,,,,,
1,0,Noble Vestige,Zendikar,29,Near Mint,English,foil,,,,,,,
3,0,Norn's Annex,New Phyrexia,17,Near Mint,English,,,,,,,,
6,2,Notion Thief,Dragon's Maze,88,Near Mint,English,,,,,,,,
1,0,"Numot, the Devastator",Planar Chaos,160,Near Mint,English,,,,,,,,
1,0,"Nykthos, Shrine to Nyx",Theros,223,Near Mint,English,,,,,,,,
2,0,Oblivion Ring,Shards of Alara,20,Near Mint,English,,,,,,,,0
1,0,Oblivion Ring,Magic 2012,27,Near Mint,English,,,,,,,,0
1,1,Oblivion Ring,Magic 2012,27,Near Mint,Chinese,,,,,,,,
4,0,Obsidian Fireheart,Zendikar,140,Near Mint,English,,,,,,,,
3,0,Obstinate Baloth,Magic 2011,188,Near Mint,English,,,,,,,,
1,0,"Odric, Master Tactician",Magic 2013,23,Near Mint,English,,,,,,,,
1,0,Ohran Viper,Coldsnap,115,Near Mint,English,,,,,,,,
1,0,Ojutai's Command,Media Inserts,101,Near Mint,English,foil,,,,,,,
2,0,Omen Machine,New Phyrexia,148,Near Mint,English,,,,,,,,
1,0,Omniscience,Magic 2013,63,Near Mint,English,,,,,,,,
1,0,"Oona, Queen of the Fae",From the Vault: Legends,8,Near Mint,English,foil,,,,,,,
1,0,Ooze Garden,Shards of Alara,143,Near Mint,English,,,,,,,,
2,0,Ornithopter,Magic 2011,211,Near Mint,Chinese,,,,,,,,
1,0,"Oros, the Avenger",Planar Chaos,161,Near Mint,English,,,,,,,,
2,0,Overgrown Tomb,Return to Ravnica,243,Near Mint,English,,,,,,,,
2,0,Oversoul of Dusk,Shadowmoor,234,Near Mint,Japanese,,,,,,,,
3,0,Pack Rat,Return to Ravnica,73,Near Mint,English,,,,,,,,
1,0,Painter's Servant,Shadowmoor,257,Near Mint,Japanese,,,,,,,,
1,0,Palisade Giant,Return to Ravnica,15,Near Mint,English,,,,,,,,
1,0,Palladia-Mors,Chronicles,117,Near Mint,English,,,,,,,,
2,0,Part the Waterveil,Battle for Zendikar,80,Near Mint,English,,,,,,,,
1,0,Path to Exile,Duel Decks: Venser vs. Koth,23,Near Mint,English,,,,,,,,
1,0,Path to Exile,Commander,25,Near Mint,English,,,,,,,,
2,0,Path to Exile,Conflux,15,Near Mint,English,,,,,,,,
2,0,Peer Through Depths,Modern Masters,57,Near Mint,English,,,,,,,,
2,0,Pentavus,Duel Decks: Elspeth vs. Tezzeret,58,Near Mint,English,,,,,,,,
2,0,Pestermite,Modern Masters,59,Near Mint,English,,,,,,,,
4,0,Phantasmal Image,Magic 2012,72,Near Mint,English,,,,,,,,
1,1,Phantasmal Image,Magic 2012,72,Near Mint,Chinese,,,,,,,,0
3,3,Phylactery Lich,Magic 2011,110,Near Mint,Chinese,,,,,,,,
1,0,Phylactery Lich,Magic 2011,110,Near Mint,English,,,,,,,,0
1,0,Phyrexian Etchings,Coldsnap,67,Near Mint,English,,,,,,,,
4,0,Phyrexian Hydra,Mirrodin Besieged,85,Near Mint,English,,,,,,,,
1,0,Phyrexian Ingester,New Phyrexia,41,Near Mint,English,,,,,,,,
1,0,Phyrexian Metamorph,New Phyrexia,42,Near Mint,English,,,,,,,,
1,0,Phyrexian Revoker,Mirrodin Besieged,122,Near Mint,English,,,,,,,,
1,0,Phyrexian Soulgorger,Coldsnap,141,Near Mint,English,,,,,,,,
1,0,Phyrexian Swarmlord,New Phyrexia,119,Near Mint,English,,,,,,,,
2,0,Phyrexian Vatmother,Mirrodin Besieged,52,Near Mint,English,,,,,,,,
2,0,Pithing Needle,Return to Ravnica,231,Near Mint,English,,,,,,,,
1,0,Plague of Vermin,Shadowmoor,73,Near Mint,Japanese,,,,,,,,
1,0,Plague Stinger,WPN/Gateway,59,Near Mint,English,foil,,,,,,,
2,0,Plumeveil,Shadowmoor,145,Near Mint,English,,,,,,,,
1,0,Polluted Bonds,Shadowmoor,74,Near Mint,Japanese,,,,,,,,
1,0,Polluted Mire,Premium Deck Series: Graveborn,26,Near Mint,English,foil,,,,,,,
1,0,Polymorph,Mirage,82,Near Mint,English,,,,,,,,
1,0,Polymorph,Ninth Edition,90,Near Mint,English,,,,,,,,
1,0,Polymorph,Magic 2010,67,Near Mint,English,,,,,,,,
1,0,Polymorphous Rush,Journey into Nyx,46,Near Mint,English,,,,,,,,
1,0,Possibility Storm,Dragon's Maze,34,Near Mint,English,foil,,,,,,,
2,0,Praetor's Grasp,New Phyrexia,71,Near Mint,English,,,,,,,,
3,3,Precinct Captain,Duel Decks: Elspeth vs. Kiora,22,Near Mint,English,,,,,,,,0
3,0,Precinct Captain,Return to Ravnica,17,Near Mint,English,,,,,,,,
4,0,Precursor Golem,Scars of Mirrodin,194,Near Mint,English,,,,,,,,
1,0,Prey Upon,Magic 2013,181,Near Mint,English,foil,,,,,,,
1,0,Profane Command,Lorwyn,135,Near Mint,English,,,,,,,,
1,0,Progenitus,From the Vault: Legends,9,Near Mint,English,foil,,,,,,,
1,0,Protean Hulk,Dissension,90,Near Mint,English,,,,,,,,
1,0,Protean Hydra,Magic 2011,194,Near Mint,English,,,,,,,,
1,0,Psychic Intrusion,Theros,200,Near Mint,English,,,,,,,,
1,0,Psychic Surgery,New Phyrexia,44,Near Mint,English,,,,,,,,
3,0,Putrefax,Scars of Mirrodin,126,Near Mint,English,,,,,,,,
2,0,Putrid Imp,Premium Deck Series: Graveborn,1,Near Mint,English,foil,,,,,,,
3,0,Putrid Imp,Torment,77,Near Mint,English,,,,,,,,
1,0,Qasali Pridemage,Alara Reborn,75,Near Mint,English,,,,,,,,
1,0,Quest for the Nihil Stone,Worldwake,64,Near Mint,English,,,,,,,,
3,0,Quest for Ula's Temple,Worldwake,35,Near Mint,English,,,,,,,,
3,3,Quest for Ula's Temple,Worldwake,35,Near Mint,Chinese,,,,,,,,
1,0,Quicken,Magic 2014 Core Set,68,Near Mint,English,,,,,,,,
1,0,Quicksilver Amulet,Magic 2012,214,Near Mint,English,,,,,,,,
1,0,Quicksilver Dragon,Onslaught,103,Near Mint,English,,,,,,,,
1,0,Quilled Slagwurm,Mirrodin Besieged,89,Near Mint,English,foil,,,,,,,
1,0,Racecourse Fury,Return to Ravnica,104,Near Mint,English,foil,,,,,,,
1,0,Rack and Ruin,Urza's Legacy,89,Near Mint,English,,,,,,,,
1,0,Rage Reflection,Shadowmoor,104,Near Mint,Japanese,,,,,,,,
2,0,Raging Ravine,Worldwake,141,Near Mint,English,,,,,,,,
1,0,Rakdos Cackler,Return to Ravnica,220,Near Mint,English,foil,,,,,,,
1,0,Rally the Peasants,Innistrad,28,Near Mint,English,foil,,,,,,,
7,0,Rancor,Magic 2013,185,Near Mint,English,,,,,,,,
3,0,Raven's Crime,Eventide,41,Near Mint,English,,,,,,,,
2,0,Ravenous Demon,Dark Ascension,71,Near Mint,English,,,,,,,,
1,0,Reality Spasm,Rise of the Eldrazi,81,Near Mint,English,,,,,,,,
3,0,Realms Uncharted,Rise of the Eldrazi,206,Near Mint,English,,,,,,,,
1,0,Reaper from the Abyss,Innistrad,112,Near Mint,English,,,,,,,,
1,0,Reaper King,Shadowmoor,260,Near Mint,Japanese,,,,,,,,
1,1,Reaper of the Wilds,Duel Decks: Jace vs. Vraska,63,Near Mint,English,,,,,,,,0
2,0,Recoil,Duel Decks: Ajani vs. Nicol Bolas,61,Near Mint,English,,,,,,,,
2,0,Recurring Insight,Rise of the Eldrazi,82,Near Mint,English,,,,,,,,
4,0,Red Elemental Blast,Revised Edition,170,Near Mint,English,,,,,,,,
1,0,Red Sun's Zenith,Mirrodin Besieged,74,Near Mint,English,foil,,,,,,,
2,0,Red Sun's Zenith,Mirrodin Besieged,74,Near Mint,English,,,,,,,,
1,0,Redirect,Magic 2013,64,Near Mint,English,,,,,,,,
1,0,Reiver Demon,Commander,95,Near Mint,English,,,,,,,,
1,0,Relic of Progenitus,Shards of Alara,218,Near Mint,English,,,,,,,,
4,0,Repercussion,Urza's Destiny,95,Near Mint,English,,,,,,,,
3,0,Rest in Peace,Return to Ravnica,18,Near Mint,English,,,,,,,,
2,0,Restoration Angel,Avacyn Restored,32,Near Mint,English,,,,,,,,
1,0,Reveillark,Modern Masters,26,Near Mint,English,,,,,,,,
2,0,Reverberate,Premium Deck Series: Fire and Lightning,20,Near Mint,English,foil,,,,,,,
4,2,Reverberate,Magic 2011,155,Near Mint,English,,,,,,,,0
1,0,Rift Bolt,Modern Masters,126,Near Mint,English,foil,,,,,,,
1,0,Rift Elemental,Modern Masters,127,Near Mint,English,foil,,,,,,,
2,0,Rimefeather Owl,Coldsnap,42,Near Mint,English,,,,,,,,
4,0,Riptide Laboratory,Onslaught,322,Near Mint,English,,,,,,,,
5,0,Rite of Flame,Coldsnap,96,Near Mint,English,,,,,,,,
1,0,"Rith, the Awakener",Duel Decks: Phyrexia vs. the Coalition,48,Near Mint,English,,,,,,,,
1,0,River Kelpie,Shadowmoor,49,Near Mint,Japanese,,,,,,,,
1,0,River Kelpie,Shadowmoor,49,Near Mint,English,,,,,,,,
1,0,River of Tears,Future Sight,179,Near Mint,English,,,,,,,,
2,0,Roil Elemental,Zendikar,62,Near Mint,English,,,,,,,,
1,0,Rootbound Crag,Premium Deck Series: Slivers,32,Near Mint,English,,,,,,,,
1,0,Rootbound Crag,Magic 2010,227,Near Mint,English,,,,,,,,
1,0,Rootbound Crag,Magic 2013,228,Near Mint,English,,,,,,,,
1,0,Rootwater Matriarch,Tenth Edition,103,Near Mint,English,,,,,,,,
1,0,Royal Assassin,Magic 2011,116,Near Mint,English,,,,,,,,
1,0,Royal Assassin,Magic 2012,105,Near Mint,English,,,,,,,,
1,0,Rubblebelt Raiders,Gatecrash,224,Near Mint,English,,,,,,,,
1,0,Rune-Scarred Demon,Magic 2012,106,Near Mint,English,foil,,,,,,,
2,0,Rune-Scarred Demon,Magic 2012,106,Near Mint,English,,,,,,,,
1,0,Rustic Clachan,Duel Decks: Elspeth vs. Tezzeret,34,Near Mint,English,,,,,,,,
1,0,Sacred Wolf,Magic 2012,194,Near Mint,English,foil,,,,,,,
1,0,Safehold Sentry,Shadowmoor,22,Near Mint,English,foil,,,,,,,
1,0,Sage of Hours,Journey into Nyx,50,Near Mint,English,,,,,,,,
1,0,Salvage Titan,Shards of Alara,84,Near Mint,English,,,,,,,,
1,0,Sands of Delirium,Magic 2013,216,Near Mint,English,,,,,,,,
1,0,Sandsower,Modern Masters,29,Near Mint,English,foil,,,,,,,
1,0,Sapphire Drake,Gatecrash,47,Near Mint,English,foil,,,,,,,
1,0,Sarkhan the Mad,Rise of the Eldrazi,214,Near Mint,English,,,,,,,,
4,0,Sarkhan Vol,Shards of Alara,191,Near Mint,English,,,,,,,,
4,0,Savage Lands,Shards of Alara,228,Near Mint,English,,,,,,,,
3,0,Scalding Tarn,Zendikar,223,Near Mint,English,,,,,,,,
1,0,Scattershot Archer,Conflux,90,Near Mint,English,foil,,,,,,,
1,0,Scion of Oona,Modern Masters,63,Near Mint,English,,,,,,,,
1,0,Scorch the Fields,Dark Ascension,103,Near Mint,English,foil,,,,,,,
1,0,Scorned Villager,Dark Ascension,125,Near Mint,English,foil,,,,,,,
2,0,Search for Tomorrow,Modern Masters,161,Near Mint,English,,,,,,,,
1,0,Search for Tomorrow,Modern Masters,161,Near Mint,English,foil,,,,,,,
1,0,Searing Meditation,Ravnica: City of Guilds,226,Near Mint,English,,,,,,,,
1,0,Seat of the Synod,Duel Decks: Elspeth vs. Tezzeret,74,Near Mint,English,,,,,,,,
2,0,Seat of the Synod,Planechase,136,Near Mint,English,,,,,,,,
1,0,Sedraxis Alchemist,Conflux,54,Near Mint,English,foil,,,,,,,
4,0,Seething Song,Mirrodin,104,Near Mint,English,,,,,,,,
1,0,Seize the Soul,Guildpact,61,Near Mint,English,,,,,,,,
4,0,Sejiri Merfolk,Worldwake,36,Near Mint,English,,,,,,,,
1,1,Sensei's Divining Top,Champions of Kamigawa,268,Near Mint,Spanish,,,,,,,,0
1,0,Sensor Splicer,New Phyrexia,22,Near Mint,English,foil,,,,,,,
1,0,Serra Avatar,Commander 2013,21,Near Mint,English,,,,,,,,
1,0,Shadowfeed,Shards of Alara,86,Near Mint,English,foil,,,,,,,
1,0,Shambling Vent,Battle for Zendikar,244,Near Mint,English,,,,,,,,
1,0,Shape Anew,Scars of Mirrodin,43,Near Mint,English,,,,,,,,
1,0,Sharuum the Hegemon,From the Vault: Legends,11,Near Mint,English,foil,,,,,,,
1,0,Shattered Angel,New Phyrexia,23,Near Mint,English,foil,,,,,,,
1,1,Shriekmaw,Commander 2015,137,Near Mint,English,,,,,,,,
6,0,Shriekmaw,Lorwyn,139,Near Mint,English,,,,,,,,
2,0,Shrine of Burning Rage,New Phyrexia,153,Near Mint,English,,,,,,,,
2,0,Sickening Dreams,Premium Deck Series: Graveborn,18,Near Mint,English,foil,,,,,,,
1,0,"Sidisi, Undead Vizier",Dragons of Tarkir,120,Near Mint,English,,,,,,,,
1,0,Siege Dragon,Magic 2015 Core Set,162,Near Mint,English,,,,,,,,
1,0,Sigiled Behemoth,Alara Reborn,79,Near Mint,English,foil,,,,,,,
1,0,Silence,Magic 2010,31,Near Mint,English,,,,,,,,
1,0,Silkwrap,Dragons of Tarkir,38,Near Mint,English,,,,,,,,
4,0,Silverblade Paladin,Avacyn Restored,36,Near Mint,English,,,,,,,,
4,0,Simian Spirit Guide,Planar Chaos,122,Near Mint,English,,,,,,,,
2,0,Simic Guildmage,Dissension,148,Near Mint,English,,,,,,,,
1,0,Skeleton Shard,Planechase,127,Near Mint,English,,,,,,,,
2,0,Skullmulcher,Shards of Alara,148,Near Mint,English,,,,,,,,
1,0,Slag Fiend,New Phyrexia,95,Near Mint,English,foil,,,,,,,
3,0,Slaughter Games,Return to Ravnica,197,Near Mint,English,,,,,,,,
1,0,Snapcaster Mage,Innistrad,78,Near Mint,English,,,,,,,,
1,0,Snapping Creeper,Worldwake,112,Near Mint,English,foil,,,,,,,
2,0,Sol Ring,Commander,261,Near Mint,English,,,,,,,,
1,0,Solemn Simulacrum,Commander,262,Near Mint,English,,,,,,,,
1,0,Solemn Simulacrum,Magic 2012,217,Near Mint,English,,,,,,,,
1,0,Sorin Markov,Zendikar,111,Near Mint,English,,,,,,,,
1,0,Sorin Markov,Zendikar,111,Near Mint,Chinese,,,,,,,,
1,0,"Sorin, Lord of Innistrad",Duel Decks: Sorin vs. Tibalt,1,Near Mint,English,foil,,,,,,,
1,0,Soulflayer,Fate Reforged,84,Near Mint,English,,,,,,,,
4,0,Spark Elemental,Premium Deck Series: Fire and Lightning,4,Near Mint,English,foil,,,,,,,
2,0,Spectral Procession,Duel Decks: Sorin vs. Tibalt,26,Near Mint,English,,,,,,,,
1,0,Spell Snare,Modern Masters,64,Near Mint,English,,,,,,,,
1,0,Spell Snare,Modern Masters,64,Near Mint,English,foil,,,,,,,
1,0,Spellskite,New Phyrexia,159,Near Mint,English,,,,,,,,
2,0,Spellstutter Sprite,Modern Masters,65,Near Mint,English,,,,,,,,
1,0,Spellweaver Volute,Future Sight,59,Near Mint,English,foil,,,,,,,
1,0,Sphinx Ambassador,Magic 2010,73,Near Mint,English,,,,,,,,
2,0,Sphinx of Jwar Isle,Zendikar,68,Near Mint,English,,,,,,,,
4,0,Sphinx of Lost Truths,Zendikar,69,Near Mint,English,,,,,,,,
3,0,Sphinx-Bone Wand,Rise of the Eldrazi,225,Near Mint,English,,,,,,,,
1,0,Spidersilk Net,Zendikar,206,Near Mint,English,foil,,,,,,,
2,0,Spite // Malice,Duel Decks: Ajani vs. Nicol Bolas,71,Near Mint,English,,,,,,,,
1,0,Splatter Thug,Return to Ravnica,105,Near Mint,English,foil,,,,,,,
1,0,Splinter Twin,Rise of the Eldrazi,165,Near Mint,Chinese,,,,,,,,
2,0,Splinter Twin,Rise of the Eldrazi,165,Near Mint,English,,,,,,,,
2,0,Splinterfright,Innistrad,205,Near Mint,English,,,,,,,,
1,0,Sprouting Thrinax,Shards of Alara,197,Near Mint,English,,,,,,,,
2,0,Sprouting Thrinax,Shards of Alara,197,Near Mint,Chinese,,,,,,,,
1,0,"Squee, Goblin Nabob",Modern Masters,130,Near Mint,English,,,,,,,,
1,0,Staff of Nin,Launch Parties,19,Near Mint,English,foil,,,,,,,
1,0,Starstorm,Onslaught,238,Near Mint,English,,,,,,,,
6,0,Steam Vents,Return to Ravnica,247,Near Mint,English,,,,,,,,
1,0,Stensia Bloodhall,Innistrad,247,Near Mint,English,,,,,,,,
2,0,Stinkweed Imp,Modern Masters,98,Near Mint,English,,,,,,,,
2,0,Stomping Ground,Gatecrash,247,Near Mint,English,,,,,,,,
1,1,Stormtide Leviathan,Magic 2011,74,Near Mint,Chinese,,,,,,,,0
2,0,Stormtide Leviathan,Magic 2011,74,Near Mint,English,,,,,,,,0
2,0,Stormtide Leviathan,Magic 2013,70,Near Mint,English,,,,,,,,0
8,0,Strangleroot Geist,Dark Ascension,127,Near Mint,English,,,,,,,,
6,2,Street Wraith,Modern Masters,99,Near Mint,English,,,,,,,,
1,0,Strionic Resonator,Magic 2014 Core Set,224,Near Mint,English,,,,,,,,
3,0,Stuffy Doll,Magic 2013,218,Near Mint,English,,,,,,,,
2,0,Sudden Disappearance,Dark Ascension,23,Near Mint,English,,,,,,,,
2,0,Sudden Impact,Tenth Edition,241,Near Mint,English,foil,,,,,,,
1,0,Suffocating Blast,Apocalypse,124,Near Mint,English,,,,,,,,
1,0,Sulfur Falls,Innistrad,248,Near Mint,English,,,,,,,,
1,0,Sulfuric Vortex,Duel Decks: Sorin vs. Tibalt,68,Near Mint,English,,,,,,,,
1,0,Summoner's Pact,Modern Masters,164,Near Mint,English,,,,,,,,
1,0,Summoning Trap,Zendikar,184,Near Mint,English,,,,,,,,
1,0,Summoning Trap,Zendikar,184,Near Mint,Japanese,,,,,,,,
1,0,Sun Titan,Magic 2012,39,Near Mint,English,,,,,,,,
3,0,Supreme Verdict,Return to Ravnica,201,Good (Lightly Played),English,,,,,,,,
1,0,Surgespanner,Lorwyn,92,Near Mint,English,,,,,,,,
3,0,Surgical Extraction,New Phyrexia,74,Near Mint,English,,,,,,,,
1,0,Surgical Extraction,New Phyrexia,74,Near Mint,English,foil,,,,,,,
1,0,Swan Song,Theros,65,Near Mint,English,,,,,,,,
2,2,Swiftfoot Boots,Magic 2012,219,Near Mint,Chinese,,,,,,,,0
1,0,Swiftfoot Boots,Magic 2012,219,Near Mint,English,,,,,,,,0
1,0,Swords to Plowshares,Conspiracy,84,Near Mint,English,,,,,,,,
1,0,Swords to Plowshares,Ice Age,278,Near Mint,English,,,,,,,,
1,0,"Sygg, River Cutthroat",Shadowmoor,176,Near Mint,English,,,,,,,,
1,0,Sylvan Bounty,Modern Masters,165,Near Mint,English,foil,,,,,,,
1,0,Syphon Life,Modern Masters,100,Near Mint,English,foil,,,,,,,
1,0,Tainted Aether,Urza's Saga,161,Near Mint,English,,,,,,,,
2,0,Tainted Field,Duel Decks: Sorin vs. Tibalt,34,Near Mint,English,,,,,,,,
1,0,"Talrand, Sky Summoner",Magic 2013,72,Near Mint,English,,,,,,,,
4,0,Teetering Peaks,Premium Deck Series: Fire and Lightning,30,Near Mint,English,foil,,,,,,,
2,2,Temple Bell,Magic 2011,217,Near Mint,Chinese,,,,,,,,0
1,0,Temple Bell,Magic 2011,217,Near Mint,English,,,,,,,,0
2,0,Temple Garden,Return to Ravnica,248,Near Mint,English,,,,,,,,
1,0,Temple of Epiphany,Journey into Nyx,164,Near Mint,English,,,,,,,,
1,0,Temur Charm,Khans of Tarkir,208,Near Mint,English,foil,,,,,,,
1,0,Terastodon,Premium Deck Series: Graveborn,7,Near Mint,English,foil,,,,,,,
1,0,Terastodon,Worldwake,115,Near Mint,English,,,,,,,,
1,0,Terminate,Duel Decks: Sorin vs. Tibalt,64,Near Mint,English,,,,,,,,
2,0,Terminate,Planeshift,128,Near Mint,English,,,,,,,,
1,0,Terra Eternal,Worldwake,22,Near Mint,English,,,,,,,,
1,0,Terramorphic Expanse,Modern Masters,224,Near Mint,English,,,,,,,,
2,0,Tezzeret the Seeker,Duel Decks: Elspeth vs. Tezzeret,39,Near Mint,English,,,,,,,,
1,0,Tezzeret the Seeker,Shards of Alara,60,Near Mint,English,,,,,,,,
4,0,"Tezzeret, Agent of Bolas",Mirrodin Besieged,97,Near Mint,English,,,,,,,,
1,0,"Thada Adel, Acquisitor",Worldwake,40,Near Mint,English,,,,,,,,
4,0,"Thalia, Guardian of Thraben",Dark Ascension,24,Near Mint,English,,,,,,,,
2,0,Thespian's Stage,Gatecrash,248,Near Mint,English,,,,,,,,
4,0,Think Twice,Innistrad,83,Near Mint,English,,,,,,,,
3,3,Thirst for Knowledge,Duel Decks: Elspeth vs. Tezzeret,68,Near Mint,English,,,,,,,,0
2,2,Thirst for Knowledge,Modern Masters,67,Near Mint,English,,,,,,,,0
2,0,Thirst for Knowledge,Mirrodin,53,Near Mint,English,,,,,,,,
1,0,Thought Reflection,Shadowmoor,53,Near Mint,Japanese,,,,,,,,
1,0,Thought Reflection,Shadowmoor,53,Near Mint,English,,,,,,,,
5,0,Thoughtseize,Theros,107,Near Mint,English,,,,,,,,
2,0,Thraben Doomsayer,Dark Ascension,25,Near Mint,English,,,,,,,,
1,0,Thran Weaponry,Urza's Legacy,135,Good (Lightly Played),English,,,,,,,,
1,0,"Thrun, the Last Troll",Mirrodin Besieged,92,Near Mint,English,,,,,,,,
2,0,Thunderbolt,Premium Deck Series: Fire and Lightning,19,Near Mint,English,foil,,,,,,,
2,0,Thunderbreak Regent,Dragons of Tarkir,162,Near Mint,English,,,,,,,,
1,0,"Tibalt, the Fiend-Blooded",Duel Decks: Sorin vs. Tibalt,41,Near Mint,English,foil,,,,,,,
2,0,Tidebinder Mage,Magic 2014 Core Set,73,,English,,,,,,,,
1,0,Tidehollow Sculler,Modern Masters,184,Near Mint,English,,,,,,,,
2,0,Tidehollow Sculler,Shards of Alara,202,Near Mint,Chinese,,,,,,,,
1,0,Tidehollow Strix,Shards of Alara,203,Near Mint,English,foil,,,,,,,
1,0,Time Stretch,Odyssey,108,Near Mint,English,,,,,,,,
1,0,Time Warp,Starter 1999,56,Good (Lightly Played),English,,,,,,,,
1,0,Tinder Wall,"",,,,,,,,,,,
2,0,Titanic Ultimatum,Duel Decks: Ajani vs. Nicol Bolas,31,Near Mint,English,,,,,,,,
1,0,Tolaria West,Future Sight,173,Near Mint,Chinese,,,,,,,,
1,0,Tombstalker,Modern Masters,102,Near Mint,English,,,,,,,,
1,0,Tormented Soul,Magic 2013,111,Near Mint,English,foil,,,,,,,
4,0,Tragic Slip,Dark Ascension,76,Near Mint,English,,,,,,,,
1,0,Training Drone,Mirrodin Besieged,142,Near Mint,English,foil,,,,,,,
3,0,Training Grounds,Rise of the Eldrazi,91,Near Mint,English,,,,,,,,
1,0,Transguild Promenade,Return to Ravnica,249,Near Mint,English,foil,,,,,,,
1,0,Trapfinder's Trick,Zendikar,73,Near Mint,English,foil,,,,,,,
1,0,Traumatic Visions,Modern Masters,68,Near Mint,English,foil,,,,,,,
1,0,Treasured Find,Return to Ravnica,204,Near Mint,English,foil,,,,,,,
1,0,Treasury Thrull,Prerelease Events,64,Near Mint,English,foil,,,,,,,
2,0,Tree of Redemption,Innistrad,207,Near Mint,English,,,,,,,,
1,0,Tree of Tales,Mirrodin,285,Near Mint,English,,,,,,,,
1,0,Triskelion,Duel Decks: Elspeth vs. Tezzeret,57,Near Mint,English,,,,,,,,
1,0,Triskelion,Magic 2011,218,Near Mint,English,,,,,,,,
1,0,Tromp the Domains,Modern Masters,171,Near Mint,English,foil,,,,,,,
1,0,True-Name Nemesis,Commander 2013,63,Near Mint,English,,,,,,,,
1,0,Trumpet Blast,Magic 2013,152,Near Mint,English,foil,,,,,,,
1,0,Trygon Predator,Modern Masters,185,Near Mint,English,foil,,,,,,,
1,0,Tsunami,Revised Edition,129,Near Mint,English,,,,,,,,
1,0,Turn the Tide,Mirrodin Besieged,35,Near Mint,English,foil,,,,,,,
1,0,Twilight Drover,Duel Decks: Sorin vs. Tibalt,9,Near Mint,English,,,,,,,,
1,0,Twin Bolt,Dragons of Tarkir,164,Near Mint,English,,,,,,,,
1,0,Twisted Abomination,Premium Deck Series: Graveborn,4,Near Mint,English,foil,,,,,,,
1,0,Twitch,Worldwake,43,Near Mint,English,foil,,,,,,,
1,0,Tyrant of Discord,Avacyn Restored,162,Near Mint,English,,,,,,,,
1,0,"Ulamog, the Infinite Gyre",From the Vault: Legends,14,Near Mint,English,foil,,,,,,,
1,0,"Ulamog, the Infinite Gyre",Rise of the Eldrazi,12,Good (Lightly Played),English,,,,,,,,
2,0,Ulvenwald Tracker,Avacyn Restored,200,Near Mint,English,,,,,,,,
1,0,Umbra Mystic,Rise of the Eldrazi,52,Near Mint,English,foil,,,,,,,
1,0,Umbra Mystic,Rise of the Eldrazi,52,Near Mint,English,,,,,,,,
2,0,Unburial Rites,Innistrad,122,Near Mint,English,,,,,,,,
1,0,Undead Alchemist,Innistrad,84,Near Mint,English,,,,,,,,
2,0,Undermine,Duel Decks: Ajani vs. Nicol Bolas,62,Near Mint,English,,,,,,,,
1,0,Underworld Connections,Return to Ravnica,83,Near Mint,English,,,,,,,,
1,0,Undiscovered Paradise,"",,,,,,,,,,,
1,0,Unexpected Results,Gatecrash,203,Near Mint,English,,,,,,,,
2,0,Unmake,Eventide,96,Near Mint,English,,,,,,,,
1,0,Vaevictis Asmadi,Chronicles,124,Near Mint,English,,,,,,,,
1,0,"Valakut, the Molten Pinnacle",Zendikar,228,Near Mint,English,,,,,,,,
1,0,Valleymaker,Shadowmoor,221,Near Mint,Japanese,,,,,,,,
1,0,Vampire Nighthawk,Duel Decks: Sorin vs. Tibalt,12,Near Mint,English,,,,,,,,
2,0,Vampire Nighthawk,Magic 2013,112,Near Mint,English,,,,,,,,
1,0,Vampire Nocturnus,Magic 2013,113,,English,,,,,,,,
1,0,Vampire Nocturnus,Magic 2013,113,Near Mint,English,,,,,,,,
1,0,Vault of Whispers,Planechase,141,Near Mint,English,,,,,,,,
6,0,Vault of Whispers,Mirrodin,286,Near Mint,English,,,,,,,,
1,0,Vengeful Pharaoh,Magic 2012,116,Near Mint,English,,,,,,,,
1,0,"Venser, the Sojourner",Duel Decks: Venser vs. Koth,1,Near Mint,English,foil,,,,,,,
2,0,"Venser, the Sojourner",Scars of Mirrodin,135,Near Mint,English,,,,,,,,
1,0,Verdant Catacombs,Zendikar,229,Near Mint,English,,,,,,,,
1,0,Verdant Force,Premium Deck Series: Graveborn,8,Near Mint,English,foil,,,,,,,
1,0,Veteran Armorer,Modern Masters,34,Near Mint,English,foil,,,,,,,
2,0,Vexing Shusher,Shadowmoor,222,Near Mint,Japanese,,,,,,,,
1,0,Vexing Sphinx,Coldsnap,50,Near Mint,English,,,,,,,,
1,0,Victory's Herald,Mirrodin Besieged,18,Near Mint,English,,,,,,,,
1,0,Vile Rebirth,Magic 2013,115,Near Mint,English,foil,,,,,,,
1,0,Violent Ultimatum,Shards of Alara,206,Near Mint,English,foil,,,,,,,
1,0,Visara the Dreadful,From the Vault: Legends,15,Near Mint,English,foil,,,,,,,
1,1,Visions of Beyond,Magic 2012,80,Near Mint,Chinese,foil,,,,,,,
3,0,Visions of Beyond,Magic 2012,80,Near Mint,English,,,,,,,,
1,0,Vithian Stinger,Shards of Alara,120,Near Mint,English,foil,,,,,,,
1,0,Vivid Crag,Modern Masters,225,Near Mint,English,,,,,,,,
1,0,Vivid Creek,Modern Masters,226,Near Mint,English,,,,,,,,
1,0,Vivid Grove,Modern Masters,227,Near Mint,English,,,,,,,,
2,0,Vivid Marsh,Modern Masters,228,Near Mint,English,,,,,,,,
1,0,Vivid Marsh,Lorwyn,278,Near Mint,English,,,,,,,,
1,0,Vivid Meadow,Commander,297,Near Mint,English,,,,,,,,
1,0,Vivid Meadow,Modern Masters,229,Near Mint,English,,,,,,,,
2,0,Void Maw,Coldsnap,74,Near Mint,English,,,,,,,,
1,0,Volatile Rig,Return to Ravnica,236,Near Mint,English,,,,,,,,
3,0,Volcanic Island,Revised Edition,306,Played,English,,,,,,,,
3,0,Vraska the Unseen,Return to Ravnica,208,Near Mint,English,,,,,,,,
1,0,Vulshok Heartstoker,Scars of Mirrodin,107,Near Mint,English,foil,,,,,,,
2,0,Vulshok Sorcerer,Premium Deck Series: Fire and Lightning,11,Near Mint,English,foil,,,,,,,
4,0,Wall of Blossoms,Stronghold,75,Near Mint,English,,,,,,,,
1,0,Wall of Omens,Duel Decks: Sorin vs. Tibalt,4,Near Mint,English,,,,,,,,
5,0,Wall of Omens,Commander,37,Near Mint,English,,,,,,,,
1,1,Wall of Reverence,Conflux,20,Near Mint,Chinese,,,,,,,,0
1,0,Warp World,Magic 2010,163,Near Mint,English,,,,,,,,
2,2,Warren Instigator,Zendikar,154,Near Mint,Chinese,,,,,,,,0
1,1,Warstorm Surge,Magic 2012,160,Near Mint,Chinese,,,,,,,,
3,0,Watery Grave,Gatecrash,249,Near Mint,English,,,,,,,,
1,0,Wayfaring Temple,Return to Ravnica,209,Near Mint,English,,,,,,,,
2,0,Wear // Tear,Dragon's Maze,135,Near Mint,English,,,,,,,,
1,0,Wheel of Fortune,Revised Edition,184,,,,,,,,,,
1,0,Wheel of Sun and Moon,Shadowmoor,243,Near Mint,Japanese,,,,,,,,
1,1,Whelming Wave,Duel Decks: Elspeth vs. Kiora,44,Near Mint,English,,,,,,,,0
1,0,Whelming Wave,Born of the Gods,57,Near Mint,English,,,,,,,,
1,0,Whispering Specter,New Phyrexia,77,Near Mint,English,foil,,,,,,,
1,0,Wild Evocation,Magic 2011,160,Near Mint,English,,,,,,,,
2,0,Wild Nacatl,Duel Decks: Ajani vs. Nicol Bolas,4,Near Mint,English,,,,,,,,
3,0,Wild Nacatl,Shards of Alara,152,Near Mint,English,,,,,,,,
1,0,Wilt-Leaf Cavaliers,Shadowmoor,244,Near Mint,Japanese,,,,,,,,
1,0,Wilt-Leaf Liege,Shadowmoor,245,Near Mint,Japanese,,,,,,,,
1,0,Windbrisk Raptor,Shadowmoor,26,Near Mint,Japanese,,,,,,,,
1,0,Wit's End,Magic 2013,117,Near Mint,English,,,,,,,,
1,0,Witchbane Orb,Innistrad,236,Near Mint,English,,,,,,,,
1,0,Witherscale Wurm,Shadowmoor,134,Near Mint,English,,,,,,,,
4,0,Wolfbitten Captive,Dark Ascension,133,Near Mint,English,,,,,,,,
2,0,Wolfir Silverheart,Avacyn Restored,206,Near Mint,English,,,,,,,,
1,0,Woodland Cemetery,Innistrad,249,Near Mint,English,,,,,,,,
1,0,Woolly Razorback,Coldsnap,25,Near Mint,English,,,,,,,,
2,0,Woolly Thoctar,Shards of Alara,209,Near Mint,English,,,,,,,,
1,0,Worldpurge,Shadowmoor,156,Near Mint,Japanese,,,,,,,,
1,0,Worldslayer,Magic 2012,222,Near Mint,Chinese,,,,,,,,
2,0,Wrath of God,Seventh Edition,57,Good (Lightly Played),English,,,,,,,,
1,0,Wurm's Tooth,Magic 2012,223,Near Mint,English,foil,,,,,,,
1,0,Wurmcoil Engine,Prerelease Events,46,Good (Lightly Played),,foil,,,,,,,
1,0,Xathrid Gorgon,Prerelease Events,54,Near Mint,English,,,,,,,,
1,0,"Xenagos, God of Revels",Born of the Gods,156,Near Mint,English,,,,,,,,
2,0,"Yisan, the Wanderer Bard",Magic 2015 Core Set,209,Near Mint,English,,,,,,,,
1,0,Young Pyromancer,Magic 2014 Core Set,163,Near Mint,English,,,,,,,,
1,0,Young Wolf,Dark Ascension,134,Near Mint,English,foil,,,,,,,
1,0,Zealous Conscripts,Avacyn Restored,166,Near Mint,English,,,,,,,,
1,0,Zealous Persecution,Duel Decks: Sorin vs. Tibalt,23,Near Mint,English,,,,,,,,
2,0,Zealous Persecution,Alara Reborn,85,Near Mint,English,,,,,,,,
2,0,Zealous Persecution,Alara Reborn,85,Near Mint,Chinese,,,,,,,,
2,0,Zombie Apocalypse,Dark Ascension,80,Near Mint,English,,,,,,,,
1,0,Zombie Infestation,Premium Deck Series: Graveborn,19,Near Mint,English,foil,,,,,,,




